CustomerID,Recency,Frequency,Monetary,AOV,CLV,Days_as_Customer,Purchase_Rate
12346.0,326,1,77183.6,77183.6,77183.6,0,1.0
12347.0,2,7,4310.0,615.7142857142857,4310.0,365,0.01912568306010929
12348.0,75,4,1797.24,449.31,1797.24,282,0.014134275618374558
12349.0,19,1,1757.55,1757.55,1757.55,0,1.0
12350.0,310,1,334.4,334.4,334.4,0,1.0
12352.0,36,8,2506.04,313.255,2506.04,260,0.03065134099616858
12353.0,204,1,89.0,89.0,89.0,0,1.0
12354.0,232,1,1079.4,1079.4,1079.4,0,1.0
12355.0,214,1,459.4,459.4,459.4,0,1.0
12356.0,23,3,2811.43,937.1433333333333,2811.43,302,0.009900990099009901
12357.0,33,1,6207.67,6207.67,6207.67,0,1.0
12358.0,2,2,1168.06,584.03,1168.06,149,0.013333333333333334
12359.0,58,4,6310.03,1577.5075,6310.03,274,0.014545454545454545
12360.0,52,3,2662.06,887.3533333333334,2662.06,148,0.020134228187919462
12361.0,287,1,189.9,189.9,189.9,0,1.0
12362.0,3,10,5226.23,522.6229999999999,5226.23,292,0.034129692832764506
12363.0,110,2,552.0,276.0,552.0,132,0.015037593984962405
12364.0,8,4,1313.1,328.275,1313.1,104,0.0380952380952381
12365.0,291,2,641.38,320.69,641.38,0,2.0
12367.0,4,1,168.9,168.9,168.9,0,1.0
12370.0,51,4,3541.94,885.485,3541.94,309,0.012903225806451613
12371.0,45,2,1887.96,943.98,1887.96,14,0.13333333333333333
12372.0,72,3,1298.04,432.68,1298.04,224,0.013333333333333334
12373.0,311,1,364.6,364.6,364.6,0,1.0
12374.0,25,1,742.9300000000001,742.9300000000001,742.9300000000001,0,1.0
12375.0,11,2,457.5,228.75,457.5,87,0.022727272727272728
12377.0,315,2,1628.12,814.06,1628.12,39,0.05
12378.0,130,1,4008.62,4008.62,4008.62,0,1.0
12379.0,82,2,852.24,426.12,852.24,88,0.02247191011235955
12380.0,22,4,2724.81,681.2025,2724.81,164,0.024242424242424242
12381.0,5,5,1845.31,369.062,1845.31,115,0.04310344827586207
12383.0,185,5,1850.56,370.11199999999997,1850.56,167,0.02976190476190476
12384.0,29,2,585.27,292.635,585.27,92,0.021505376344086023
12386.0,338,2,401.9,200.95,401.9,29,0.06666666666666667
12388.0,16,6,2780.66,463.4433333333333,2780.66,311,0.019230769230769232
12390.0,80,1,549.84,549.84,549.84,0,1.0
12391.0,22,1,439.66,439.66,439.66,0,1.0
12393.0,72,4,1582.6000000000001,395.65000000000003,1582.6000000000001,260,0.01532567049808429
12394.0,64,2,1272.48,636.24,1272.48,153,0.012987012987012988
12395.0,19,12,3018.63,251.5525,3018.63,351,0.03409090909090909
12397.0,36,2,2409.9,1204.95,2409.9,99,0.02
12398.0,46,1,1635.6599999999999,1635.6599999999999,1635.6599999999999,0,1.0
12399.0,119,4,1108.65,277.1625,1108.65,142,0.027972027972027972
12401.0,303,1,84.3,84.3,84.3,0,1.0
12402.0,323,1,225.6,225.6,225.6,0,1.0
12403.0,50,1,427.7,427.7,427.7,0,1.0
12405.0,149,1,1710.39,1710.39,1710.39,0,1.0
12406.0,22,2,3415.3,1707.65,3415.3,161,0.012345679012345678
12407.0,50,5,1708.1200000000001,341.624,1708.1200000000001,214,0.023255813953488372
12408.0,33,5,2888.55,577.71,2888.55,227,0.021929824561403508
12409.0,79,3,11072.67,3690.89,11072.67,103,0.028846153846153848
12410.0,309,2,693.3299999999999,346.66499999999996,693.3299999999999,0,2.0
12412.0,75,3,1226.88,408.96000000000004,1226.88,94,0.031578947368421054
12413.0,67,3,758.1,252.70000000000002,758.1,270,0.01107011070110701
12414.0,217,3,562.41,187.47,562.41,93,0.031914893617021274
12415.0,24,21,124914.53,5948.310952380953,124914.53,313,0.06687898089171974
12417.0,3,9,3649.1,405.4555555555555,3649.1,354,0.02535211267605634
12418.0,113,1,668.58,668.58,668.58,0,1.0
12420.0,64,1,600.39,600.39,600.39,0,1.0
12421.0,16,4,807.04,201.76,807.04,303,0.013157894736842105
12422.0,96,3,803.5600000000001,267.85333333333335,803.5600000000001,229,0.013043478260869565
12423.0,1,8,1859.31,232.41375,1859.31,352,0.0226628895184136
12424.0,163,2,1760.96,880.48,1760.96,0,2.0
12425.0,78,1,777.2,777.2,777.2,0,1.0
12426.0,195,1,582.73,582.73,582.73,0,1.0
12427.0,22,3,825.8,275.26666666666665,825.8,349,0.008571428571428572
12428.0,26,9,7956.46,884.0511111111111,7956.46,257,0.03488372093023256
12429.0,9,4,3750.4,937.6,3750.4,356,0.011204481792717087
12430.0,43,1,256.4,256.4,256.4,0,1.0
12431.0,36,15,6419.95,427.99666666666667,6419.95,338,0.04424778761061947
12432.0,43,5,5059.32,1011.8639999999999,5059.32,129,0.038461538461538464
12433.0,1,7,13375.87,1910.8385714285716,13375.87,372,0.01876675603217158
12434.0,85,2,806.14,403.07,806.14,175,0.011363636363636364
12435.0,80,2,7829.89,3914.945,7829.89,188,0.010582010582010581
12436.0,100,1,509.01,509.01,509.01,0,1.0
12437.0,2,18,4951.41,275.0783333333333,4951.41,329,0.05454545454545454
12438.0,14,2,2906.85,1453.425,2906.85,125,0.015873015873015872
12441.0,367,1,173.55,173.55,173.55,0,1.0
12442.0,3,1,172.06,172.06,172.06,0,1.0
12444.0,21,5,5005.46,1001.092,5005.46,149,0.03333333333333333
12445.0,22,1,133.4,133.4,133.4,0,1.0
12446.0,58,1,1002.3100000000001,1002.3100000000001,1002.3100000000001,0,1.0
12447.0,243,1,476.49,476.49,476.49,0,1.0
12448.0,44,1,449.45,449.45,449.45,0,1.0
12449.0,22,4,4067.29,1016.8225,4067.29,164,0.024242424242424242
12450.0,156,2,197.88,98.94,197.88,17,0.1111111111111111
12451.0,11,5,9035.52,1807.104,9035.52,313,0.01592356687898089
12452.0,17,2,430.57,215.285,430.57,0,2.0
12453.0,134,1,707.09,707.09,707.09,0,1.0
12454.0,56,1,3528.34,3528.34,3528.34,0,1.0
12455.0,73,6,2466.86,411.1433333333334,2466.86,223,0.026785714285714284
12456.0,44,3,3181.04,1060.3466666666666,3181.04,210,0.014218009478672985
12457.0,66,7,2363.23,337.6042857142857,2363.23,172,0.04046242774566474
12458.0,71,2,947.4,473.7,947.4,213,0.009345794392523364
12461.0,94,2,826.88,413.44,826.88,60,0.03278688524590164
12462.0,19,2,1189.59,594.795,1189.59,284,0.007017543859649123
12463.0,53,4,1344.78,336.195,1344.78,188,0.021164021164021163
12464.0,10,8,1212.05,151.50625,1212.05,299,0.02666666666666667
12465.0,17,2,742.1899999999999,371.09499999999997,742.1899999999999,152,0.013071895424836602
12468.0,188,2,729.5400000000001,364.77000000000004,729.5400000000001,128,0.015503875968992248
12471.0,2,30,19788.65,659.6216666666667,19788.65,362,0.08264462809917356
12472.0,32,7,6572.11,938.8728571428571,6572.11,336,0.020771513353115726
12473.0,29,5,3928.0499999999997,785.6099999999999,3928.0499999999997,162,0.03067484662576687
12474.0,17,18,7324.09,406.8938888888889,7324.09,312,0.05750798722044728
12475.0,54,1,723.38,723.38,723.38,0,1.0
12476.0,16,11,6816.42,619.6745454545454,6816.42,345,0.031791907514450865
12477.0,23,6,13219.74,2203.29,13219.74,278,0.021505376344086023
12478.0,4,1,680.99,680.99,680.99,0,1.0
12479.0,11,1,527.2,527.2,527.2,0,1.0
12480.0,28,4,3281.63,820.4075,3281.63,307,0.012987012987012988
12481.0,23,10,5579.82,557.982,5579.82,342,0.029154518950437316
12483.0,17,8,2484.98,310.6225,2484.98,322,0.02476780185758514
12484.0,33,6,4527.32,754.5533333333333,4527.32,303,0.019736842105263157
12488.0,10,3,1298.66,432.8866666666667,1298.66,65,0.045454545454545456
12489.0,336,1,334.93,334.93,334.93,0,1.0
12490.0,5,10,5417.93,541.793,5417.93,324,0.03076923076923077
12491.0,39,1,460.40000000000003,460.40000000000003,460.40000000000003,0,1.0
12492.0,63,2,263.21000000000004,131.60500000000002,263.21000000000004,42,0.046511627906976744
12493.0,166,2,433.74,216.87,433.74,31,0.0625
12494.0,16,7,1246.1000000000001,178.01428571428573,1246.1000000000001,349,0.02
12497.0,82,1,1043.1,1043.1,1043.1,0,1.0
12498.0,21,3,403.70000000000005,134.5666666666667,403.70000000000005,36,0.08108108108108109
12500.0,23,11,4257.82,387.07454545454544,4257.82,310,0.03536977491961415
12501.0,337,1,2169.39,2169.39,2169.39,0,1.0
12502.0,96,5,3723.87,744.774,3723.87,214,0.023255813953488372
12504.0,18,2,482.04999999999995,241.02499999999998,482.04999999999995,12,0.15384615384615385
12506.0,233,1,73.5,73.5,73.5,0,1.0
12507.0,134,3,1304.81,434.93666666666667,1304.81,164,0.01818181818181818
12508.0,26,2,397.88,198.94,397.88,2,0.6666666666666666
12509.0,284,1,176.5,176.5,176.5,0,1.0
12510.0,143,2,982.5699999999999,491.28499999999997,982.5699999999999,182,0.01092896174863388
12512.0,66,2,132.18,66.09,132.18,0,2.0
12513.0,113,1,612.29,612.29,612.29,0,1.0
12514.0,267,1,1017.68,1017.68,1017.68,0,1.0
12515.0,353,1,383.7,383.7,383.7,0,1.0
12516.0,78,2,1312.06,656.03,1312.06,102,0.019417475728155338
12517.0,28,5,2481.6,496.32,2481.6,161,0.030864197530864196
12518.0,1,5,2056.89,411.378,2056.89,109,0.045454545454545456
12519.0,64,1,330.84,330.84,330.84,0,1.0
12520.0,79,5,2634.26,526.8520000000001,2634.26,194,0.02564102564102564
12521.0,143,1,599.68,599.68,599.68,0,1.0
12522.0,39,2,192.72,96.36,192.72,12,0.15384615384615385
12523.0,19,11,1789.77,162.70636363636365,1789.77,312,0.03514376996805112
12524.0,9,8,4485.72,560.715,4485.72,324,0.024615384615384615
12526.0,1,3,1316.66,438.8866666666667,1316.66,93,0.031914893617021274
12527.0,82,3,348.71000000000004,116.23666666666668,348.71000000000004,243,0.012295081967213115
12528.0,9,6,1933.48,322.24666666666667,1933.48,303,0.019736842105263157
12530.0,60,4,1662.28,415.57,1662.28,277,0.014388489208633094
12531.0,15,1,125.22,125.22,125.22,0,1.0
12532.0,30,1,349.83000000000004,349.83000000000004,349.83000000000004,0,1.0
12534.0,131,1,1089.18,1089.18,1089.18,0,1.0
12535.0,92,2,716.35,358.175,716.35,94,0.021052631578947368
12536.0,43,3,12601.830000000002,4200.610000000001,12601.830000000002,15,0.1875
12538.0,29,1,363.95,363.95,363.95,0,1.0
12539.0,22,4,5568.35,1392.0875,5568.35,311,0.01282051282051282
12540.0,20,17,13400.24,788.2494117647059,13400.24,342,0.04956268221574344
12541.0,30,3,981.18,327.06,981.18,251,0.011904761904761904
12544.0,36,1,372.7,372.7,372.7,0,1.0
12545.0,75,2,1000.39,500.195,1000.39,184,0.010810810810810811
12546.0,47,2,1161.5,580.75,1161.5,31,0.0625
12547.0,198,2,207.79999999999998,103.89999999999999,207.79999999999998,82,0.024096385542168676
12548.0,166,1,95.19999999999999,95.19999999999999,95.19999999999999,0,1.0
12550.0,79,1,964.83,964.83,964.83,0,1.0
12551.0,358,1,168.0,168.0,168.0,0,1.0
12552.0,39,2,437.82,218.91,437.82,0,2.0
12553.0,8,10,3692.28,369.228,3692.28,321,0.031055900621118012
12556.0,50,2,599.56,299.78,599.56,100,0.019801980198019802
12557.0,16,5,11990.960000000001,2398.192,11990.960000000001,355,0.014044943820224719
12558.0,8,1,269.96,269.96,269.96,0,1.0
12559.0,311,2,561.71,280.855,561.71,8,0.2222222222222222
12560.0,5,3,2134.01,711.3366666666667,2134.01,137,0.021739130434782608
12561.0,303,1,238.85,238.85,238.85,0,1.0
12562.0,8,7,3781.7400000000002,540.2485714285715,3781.7400000000002,190,0.03664921465968586
12564.0,261,1,456.9,456.9,456.9,0,1.0
12565.0,289,1,145.92,145.92,145.92,0,1.0
12566.0,86,1,351.65,351.65,351.65,0,1.0
12567.0,23,10,9401.28,940.128,9401.28,346,0.02881844380403458
12569.0,2,32,4124.69,128.8965625,4124.69,250,0.12749003984063745
12571.0,40,2,519.61,259.805,519.61,81,0.024390243902439025
12572.0,9,2,1020.42,510.21,1020.42,43,0.045454545454545456
12573.0,227,1,160.54000000000002,160.54000000000002,160.54000000000002,0,1.0
12574.0,316,1,218.45,218.45,218.45,0,1.0
12576.0,36,5,1315.83,263.166,1315.83,268,0.01858736059479554
12577.0,35,3,626.6,208.86666666666667,626.6,323,0.009259259259259259
12578.0,21,2,2794.51,1397.255,2794.51,308,0.006472491909385114
12579.0,78,1,440.42,440.42,440.42,0,1.0
12580.0,247,1,415.7,415.7,415.7,0,1.0
12581.0,40,1,197.71,197.71,197.71,0,1.0
12582.0,239,2,511.36,255.68,511.36,49,0.04
12583.0,3,15,7281.38,485.42533333333336,7281.38,370,0.04043126684636118
12584.0,4,9,2338.15,259.7944444444445,2338.15,276,0.032490974729241874
12585.0,234,2,2040.1,1020.05,2040.1,117,0.01694915254237288
12586.0,17,1,196.94000000000003,196.94000000000003,196.94000000000003,0,1.0
12587.0,8,1,144.0,144.0,144.0,0,1.0
12588.0,39,1,214.89999999999998,214.89999999999998,214.89999999999998,0,1.0
12589.0,29,2,646.68,323.34,646.68,115,0.017241379310344827
12590.0,211,2,9864.26,4932.13,9864.26,0,2.0
12591.0,317,1,452.84999999999997,452.84999999999997,452.84999999999997,0,1.0
12592.0,92,2,437.6,218.8,437.6,121,0.01639344262295082
12593.0,109,3,418.09999999999997,139.36666666666665,418.09999999999997,110,0.02702702702702703
12594.0,38,10,3338.2200000000003,333.822,3338.2200000000003,285,0.03496503496503497
12596.0,51,2,618.27,309.135,618.27,190,0.010471204188481676
12597.0,19,4,3811.22,952.805,3811.22,248,0.01606425702811245
12598.0,10,8,3023.08,377.885,3023.08,275,0.028985507246376812
12599.0,29,7,1032.58,147.51142857142855,1032.58,275,0.025362318840579712
12600.0,29,10,2599.04,259.904,2599.04,342,0.029154518950437316
12601.0,190,5,577.0600000000001,115.412,577.0600000000001,142,0.03496503496503497
12602.0,59,1,153.12,153.12,153.12,0,1.0
12603.0,22,1,739.1999999999999,739.1999999999999,739.1999999999999,0,1.0
12604.0,79,2,254.18,127.09,254.18,182,0.01092896174863388
12607.0,60,1,1579.51,1579.51,1579.51,0,1.0
12609.0,78,3,1126.85,375.6166666666666,1126.85,240,0.012448132780082987
12610.0,23,5,2099.54,419.908,2099.54,103,0.04807692307692308
12611.0,52,1,1193.32,1193.32,1193.32,0,1.0
12612.0,74,1,704.0400000000001,704.0400000000001,704.0400000000001,0,1.0
12613.0,57,5,3344.38,668.876,3344.38,204,0.024390243902439025
12614.0,278,1,315.6,315.6,315.6,0,1.0
12615.0,2,4,2291.19,572.7975,2291.19,166,0.023952095808383235
12616.0,95,2,713.3,356.65,713.3,202,0.009852216748768473
12617.0,29,1,352.98,352.98,352.98,0,1.0
12618.0,22,1,177.31,177.31,177.31,0,1.0
12619.0,16,9,3641.24,404.5822222222222,3641.24,237,0.037815126050420166
12620.0,15,3,1339.41,446.47,1339.41,189,0.015789473684210527
12621.0,2,20,13689.67,684.4835,13689.67,364,0.0547945205479452
12622.0,232,1,180.1,180.1,180.1,0,1.0
12623.0,276,1,305.1,305.1,305.1,0,1.0
12624.0,106,2,641.13,320.565,641.13,71,0.027777777777777776
12625.0,212,2,2683.82,1341.91,2683.82,107,0.018518518518518517
12626.0,23,9,6620.48,735.6088888888888,6620.48,303,0.029605263157894735
12627.0,11,7,4478.53,639.79,4478.53,129,0.05384615384615385
12628.0,4,3,786.46,262.15333333333336,786.46,60,0.04918032786885246
12630.0,10,2,1270.88,635.44,1270.88,34,0.05714285714285714
12631.0,57,1,640.5,640.5,640.5,0,1.0
12633.0,59,4,2163.98,540.995,2163.98,229,0.017391304347826087
12635.0,90,2,1689.18,844.59,1689.18,65,0.030303030303030304
12637.0,67,8,6002.9,750.3625,6002.9,256,0.0311284046692607
12638.0,33,1,671.69,671.69,671.69,0,1.0
12639.0,239,1,486.1,486.1,486.1,0,1.0
12640.0,24,3,1174.58,391.52666666666664,1174.58,57,0.05172413793103448
12641.0,115,1,185.9,185.9,185.9,0,1.0
12642.0,25,3,1013.26,337.75333333333333,1013.26,82,0.03614457831325301
12643.0,128,6,3344.64,557.4399999999999,3344.64,204,0.02926829268292683
12644.0,130,1,477.91,477.91,477.91,0,1.0
12645.0,34,4,1775.18,443.795,1775.18,282,0.014134275618374558
12646.0,5,2,1346.97,673.485,1346.97,44,0.044444444444444446
12647.0,22,12,3722.82,310.235,3722.82,346,0.0345821325648415
12648.0,155,1,318.05,318.05,318.05,0,1.0
12649.0,107,3,623.51,207.83666666666667,623.51,105,0.02830188679245283
12650.0,3,1,314.44,314.44,314.44,0,1.0
12651.0,335,1,114.0,114.0,114.0,0,1.0
12652.0,331,1,919.98,919.98,919.98,0,1.0
12653.0,149,2,2209.85,1104.925,2209.85,147,0.013513513513513514
12654.0,11,5,601.98,120.396,601.98,284,0.017543859649122806
12656.0,17,5,4051.17,810.234,4051.17,216,0.02304147465437788
12657.0,11,4,1643.18,410.795,1643.18,67,0.058823529411764705
12658.0,19,1,686.05,686.05,686.05,0,1.0
12659.0,30,1,91.68,91.68,91.68,0,1.0
12660.0,11,1,245.1,245.1,245.1,0,1.0
12662.0,1,11,3849.78,349.98,3849.78,372,0.029490616621983913
12664.0,8,9,4881.88,542.4311111111111,4881.88,314,0.02857142857142857
12665.0,325,1,63.0,63.0,63.0,0,1.0
12667.0,58,1,620.13,620.13,620.13,0,1.0
12668.0,12,4,3807.15,951.7875,3807.15,343,0.011627906976744186
12669.0,151,3,2744.0299999999997,914.6766666666666,2744.0299999999997,105,0.02830188679245283
12670.0,10,5,2996.05,599.21,2996.05,222,0.02242152466367713
12672.0,330,1,225.89999999999998,225.89999999999998,225.89999999999998,0,1.0
12673.0,5,2,610.52,305.26,610.52,321,0.006211180124223602
12674.0,39,4,1970.6,492.65,1970.6,169,0.023529411764705882
12676.0,25,6,1331.39,221.89833333333334,1331.39,286,0.020905923344947737
12678.0,42,12,17628.46,1469.0383333333332,17628.46,311,0.038461538461538464
12679.0,59,4,1113.02,278.255,1113.02,225,0.017699115044247787
12680.0,1,4,862.81,215.7025,862.81,112,0.035398230088495575
12681.0,15,22,13787.54,626.7063636363637,13787.54,353,0.062146892655367235
12682.0,4,31,12279.82,396.1232258064516,12279.82,367,0.08423913043478261
12683.0,4,15,8476.57,565.1046666666666,8476.57,361,0.04143646408839779
12684.0,8,7,2283.63,326.23285714285714,2283.63,205,0.03398058252427184
12685.0,28,6,2863.08,477.18,2863.08,65,0.09090909090909091
12686.0,372,1,89.14,89.14,89.14,0,1.0
12688.0,114,1,4873.8099999999995,4873.8099999999995,4873.8099999999995,0,1.0
12689.0,26,2,1247.61,623.805,1247.61,101,0.0196078431372549
12690.0,206,1,389.01,389.01,389.01,0,1.0
12691.0,28,6,1035.8,172.63333333333333,1035.8,329,0.01818181818181818
12693.0,127,4,855.91,213.9775,855.91,192,0.02072538860103627
12694.0,70,2,869.67,434.835,869.67,112,0.017699115044247787
12695.0,7,4,582.1,145.525,582.1,203,0.0196078431372549
12697.0,29,3,957.59,319.19666666666666,957.59,140,0.02127659574468085
12700.0,8,4,4939.99,1234.9975,4939.99,207,0.019230769230769232
12701.0,80,2,797.71,398.855,797.71,162,0.012269938650306749
12702.0,20,1,219.0,219.0,219.0,0,1.0
12703.0,71,1,283.55,283.55,283.55,0,1.0
12704.0,7,8,2340.84,292.605,2340.84,162,0.049079754601226995
12705.0,15,9,6868.29,763.1433333333333,6868.29,341,0.02631578947368421
12707.0,292,1,603.42,603.42,603.42,0,1.0
12708.0,30,10,2712.91,271.291,2712.91,338,0.029498525073746312
12709.0,15,15,9706.52,647.1013333333334,9706.52,351,0.04261363636363636
12710.0,97,3,1149.02,383.00666666666666,1149.02,104,0.02857142857142857
12712.0,29,13,4396.13,338.1638461538462,4396.13,342,0.037900874635568516
12713.0,1,1,848.55,848.55,848.55,0,1.0
12714.0,9,5,4708.86,941.7719999999999,4708.86,285,0.017482517482517484
12715.0,106,1,343.36,343.36,343.36,0,1.0
12716.0,4,2,1053.49,526.745,1053.49,129,0.015384615384615385
12717.0,151,2,1030.98,515.49,1030.98,94,0.021052631578947368
12718.0,71,1,238.25,238.25,238.25,0,1.0
12719.0,5,2,644.95,322.475,644.95,59,0.03333333333333333
12720.0,3,25,5781.73,231.26919999999998,5781.73,366,0.0681198910081744
12721.0,32,6,2656.13,442.68833333333333,2656.13,323,0.018518518518518517
12722.0,85,4,997.63,249.4075,997.63,65,0.06060606060606061
12723.0,4,5,725.07,145.014,725.07,61,0.08064516129032258
12724.0,5,4,1031.41,257.8525,1031.41,327,0.012195121951219513
12725.0,371,1,427.8,427.8,427.8,0,1.0
12726.0,28,7,2609.1,372.7285714285714,2609.1,329,0.021212121212121213
12727.0,11,7,3980.7,568.6714285714286,3980.7,309,0.02258064516129032
12728.0,71,4,836.33,209.0825,836.33,261,0.015267175572519083
12729.0,114,1,453.01,453.01,453.01,0,1.0
12731.0,24,12,18895.91,1574.6591666666666,18895.91,341,0.03508771929824561
12732.0,180,1,236.26000000000002,236.26000000000002,236.26000000000002,0,1.0
12733.0,234,1,383.95,383.95,383.95,0,1.0
12734.0,353,1,110.39999999999999,110.39999999999999,110.39999999999999,0,1.0
12735.0,315,2,779.5699999999999,389.78499999999997,779.5699999999999,21,0.09090909090909091
12736.0,333,1,234.0,234.0,234.0,0,1.0
12738.0,372,1,155.35,155.35,155.35,0,1.0
12739.0,78,2,1013.04,506.52,1013.04,20,0.09523809523809523
12740.0,64,1,427.6,427.6,427.6,0,1.0
12743.0,134,2,540.13,270.065,540.13,0,2.0
12744.0,52,7,21279.29,3039.8985714285714,21279.29,266,0.026217228464419477
12747.0,2,11,4196.01,381.4554545454546,4196.01,366,0.02997275204359673
12748.0,1,209,33053.19,158.14923444976077,33053.19,372,0.5603217158176944
12749.0,4,5,4090.88,818.176,4090.88,209,0.023809523809523808
12750.0,129,1,275.88,275.88,275.88,0,1.0
12752.0,81,1,4366.78,4366.78,4366.78,0,1.0
12753.0,23,6,21429.39,3571.565,21429.39,339,0.01764705882352941
12754.0,236,3,3010.74,1003.5799999999999,3010.74,72,0.0410958904109589
12755.0,281,2,3811.95,1905.975,3811.95,85,0.023255813953488372
12756.0,87,1,112.07999999999998,112.07999999999998,112.07999999999998,0,1.0
12757.0,16,13,7834.650000000001,602.6653846153847,7834.650000000001,195,0.0663265306122449
12758.0,117,2,2791.59,1395.795,2791.59,159,0.0125
12759.0,52,3,1531.44,510.48,1531.44,223,0.013392857142857142
12762.0,8,2,1898.52,949.26,1898.52,17,0.1111111111111111
12763.0,138,2,494.08,247.04,494.08,230,0.008658008658008658
12764.0,317,1,1693.88,1693.88,1693.88,0,1.0
12766.0,4,7,6989.63,998.5185714285715,6989.63,362,0.01928374655647383
12769.0,239,1,1143.6,1143.6,1143.6,0,1.0
12770.0,211,1,1351.45,1351.45,1351.45,0,1.0
12772.0,60,1,892.47,892.47,892.47,0,1.0
12775.0,17,5,1386.04,277.20799999999997,1386.04,294,0.01694915254237288
12778.0,20,6,822.23,137.03833333333333,822.23,292,0.020477815699658702
12779.0,38,8,3981.36,497.67,3981.36,333,0.023952095808383235
12781.0,64,2,826.74,413.37,826.74,221,0.009009009009009009
12782.0,5,5,2330.92,466.184,2330.92,352,0.014164305949008499
12783.0,2,6,2225.91,370.98499999999996,2225.91,73,0.08108108108108109
12784.0,9,2,532.8199999999999,266.40999999999997,532.8199999999999,6,0.2857142857142857
12785.0,364,1,311.95,311.95,311.95,0,1.0
12787.0,10,3,463.66,154.55333333333334,463.66,182,0.01639344262295082
12789.0,65,1,91.85,91.85,91.85,0,1.0
12790.0,192,1,324.92,324.92,324.92,0,1.0
12791.0,374,1,192.60000000000002,192.60000000000002,192.60000000000002,0,1.0
12792.0,257,1,400.53999999999996,400.53999999999996,400.53999999999996,0,1.0
12793.0,335,2,545.48,272.74,545.48,36,0.05405405405405406
12794.0,53,2,860.41,430.205,860.41,45,0.043478260869565216
12795.0,19,1,430.48,430.48,430.48,0,1.0
12797.0,366,1,254.03,254.03,254.03,0,1.0
12798.0,10,3,6977.04,2325.68,6977.04,160,0.018633540372670808
12802.0,187,1,427.58,427.58,427.58,0,1.0
12808.0,37,3,483.65000000000003,161.21666666666667,483.65000000000003,331,0.009036144578313253
12809.0,178,1,489.31,489.31,489.31,0,1.0
12811.0,261,3,514.85,171.61666666666667,514.85,23,0.125
12812.0,45,1,229.64000000000001,229.64000000000001,229.64000000000001,0,1.0
12814.0,102,1,125.92,125.92,125.92,0,1.0
12815.0,148,2,1063.46,531.73,1063.46,50,0.0392156862745098
12816.0,96,2,572.2,286.1,572.2,80,0.024691358024691357
12817.0,281,1,166.04,166.04,166.04,0,1.0
12818.0,262,1,1542.08,1542.08,1542.08,0,1.0
12820.0,3,4,942.34,235.585,942.34,323,0.012345679012345678
12821.0,214,1,92.72,92.72,92.72,0,1.0
12822.0,71,2,948.88,474.44,948.88,16,0.11764705882352941
12823.0,75,5,1759.5,351.9,1759.5,221,0.02252252252252252
12824.0,60,1,397.12,397.12,397.12,0,1.0
12826.0,3,7,1474.72,210.67428571428573,1474.72,362,0.01928374655647383
12827.0,6,3,430.15000000000003,143.38333333333335,430.15000000000003,38,0.07692307692307693
12828.0,3,6,1018.71,169.785,1018.71,127,0.046875
12829.0,337,2,293.0,146.5,293.0,23,0.08333333333333333
12830.0,38,6,6814.64,1135.7733333333333,6814.64,134,0.044444444444444446
12831.0,262,1,215.05,215.05,215.05,0,1.0
12832.0,32,2,383.03,191.515,383.03,65,0.030303030303030304
12833.0,145,1,417.38,417.38,417.38,0,1.0
12834.0,283,1,312.38,312.38,312.38,0,1.0
12836.0,59,4,2610.36,652.59,2610.36,252,0.015810276679841896
12837.0,173,1,134.1,134.1,134.1,0,1.0
12838.0,34,2,671.95,335.975,671.95,340,0.005865102639296188
12839.0,3,14,5591.42,399.38714285714286,5591.42,364,0.038356164383561646
12840.0,144,4,2726.77,681.6925,2726.77,82,0.04819277108433735
12841.0,5,25,3991.58,159.6632,3991.58,367,0.06793478260869565
12842.0,70,2,1118.99,559.495,1118.99,238,0.008368200836820083
12843.0,66,8,1702.26,212.7825,1702.26,198,0.04020100502512563
12844.0,29,2,325.96000000000004,162.98000000000002,325.96000000000004,101,0.0196078431372549
12845.0,267,4,354.09,88.5225,354.09,22,0.17391304347826086
12847.0,22,1,843.64,843.64,843.64,0,1.0
12849.0,31,2,1010.29,505.145,1010.29,237,0.008403361344537815
12851.0,97,1,131.81,131.81,131.81,0,1.0
12852.0,295,1,311.55,311.55,311.55,0,1.0
12853.0,135,6,1957.1000000000001,326.18333333333334,1957.1000000000001,181,0.03296703296703297
12854.0,79,3,1316.25,438.75,1316.25,239,0.0125
12855.0,373,1,38.1,38.1,38.1,0,1.0
12856.0,8,6,2170.78,361.7966666666667,2170.78,55,0.10714285714285714
12857.0,211,2,1106.4,553.2,1106.4,91,0.021739130434782608
12863.0,52,1,521.2,521.2,521.2,0,1.0
12864.0,138,1,147.12,147.12,147.12,0,1.0
12865.0,26,2,1568.23,784.115,1568.23,97,0.02040816326530612
12866.0,283,1,559.12,559.12,559.12,0,1.0
12867.0,26,7,4009.34,572.7628571428571,4009.34,333,0.020958083832335328
12868.0,186,6,1607.0600000000002,267.84333333333336,1607.0600000000002,187,0.031914893617021274
12871.0,84,2,380.64,190.32,380.64,123,0.016129032258064516
12872.0,327,2,599.97,299.985,599.97,38,0.05128205128205128
12873.0,282,1,374.0,374.0,374.0,0,1.0
12875.0,143,2,343.2300000000001,171.61500000000004,343.2300000000001,219,0.00909090909090909
12876.0,58,2,2218.02,1109.01,2218.02,138,0.014388489208633094
12877.0,4,12,1535.77,127.98083333333334,1535.77,354,0.03380281690140845
12878.0,236,2,854.99,427.495,854.99,29,0.06666666666666667
12879.0,45,3,573.22,191.07333333333335,573.22,47,0.0625
12881.0,276,1,298.0,298.0,298.0,0,1.0
12882.0,9,2,1463.04,731.52,1463.04,24,0.08
12883.0,25,4,703.47,175.8675,703.47,64,0.06153846153846154
12884.0,88,1,309.05,309.05,309.05,0,1.0
12885.0,63,3,1175.22,391.74,1175.22,60,0.04918032786885246
12886.0,68,2,1378.4,689.2,1378.4,151,0.013157894736842105
12888.0,214,2,354.12,177.06,354.12,41,0.047619047619047616
12890.0,24,1,376.71999999999997,376.71999999999997,376.71999999999997,0,1.0
12891.0,186,3,331.0,110.33333333333333,331.0,107,0.027777777777777776
12893.0,31,1,176.55,176.55,176.55,0,1.0
12895.0,42,2,372.8,186.4,372.8,44,0.044444444444444446
12897.0,205,2,216.5,108.25,216.5,97,0.02040816326530612
12901.0,9,28,17654.54,630.5192857142857,17654.54,261,0.10687022900763359
12902.0,265,1,138.68,138.68,138.68,0,1.0
12904.0,18,2,496.06,248.03,496.06,154,0.012903225806451613
12906.0,12,5,2919.81,583.962,2919.81,66,0.07462686567164178
12908.0,176,2,750.0,375.0,750.0,136,0.014598540145985401
12909.0,40,5,2178.67,435.73400000000004,2178.67,213,0.02336448598130841
12910.0,23,8,3075.04,384.38,3075.04,218,0.0365296803652968
12912.0,3,5,1662.3,332.46,1662.3,37,0.13157894736842105
12913.0,5,5,2483.63,496.726,2483.63,363,0.013736263736263736
12915.0,149,2,363.65,181.825,363.65,223,0.008928571428571428
12916.0,139,4,2944.95,736.2375,2944.95,181,0.02197802197802198
12917.0,128,1,594.0,594.0,594.0,0,1.0
12919.0,8,6,1335.19,222.53166666666667,1335.19,161,0.037037037037037035
12920.0,17,1,162.78,162.78,162.78,0,1.0
12921.0,9,37,16587.09,448.29972972972973,16587.09,364,0.10136986301369863
12922.0,161,1,405.38,405.38,405.38,0,1.0
12923.0,64,1,172.82,172.82,172.82,0,1.0
12924.0,88,4,933.7,233.425,933.7,239,0.016666666666666666
12925.0,5,2,694.05,347.025,694.05,70,0.028169014084507043
12928.0,35,5,2062.7000000000003,412.5400000000001,2062.7000000000003,323,0.015432098765432098
12929.0,312,1,117.85,117.85,117.85,0,1.0
12930.0,78,2,415.8,207.9,415.8,93,0.02127659574468085
12931.0,22,15,42055.96,2803.730666666667,42055.96,336,0.04451038575667656
12933.0,24,3,607.53,202.51,607.53,259,0.011538461538461539
12935.0,2,7,2160.7,308.6714285714285,2160.7,317,0.0220125786163522
12936.0,17,4,1063.9,265.975,1063.9,61,0.06451612903225806
12937.0,15,4,1504.27,376.0675,1504.27,252,0.015810276679841896
12938.0,26,1,114.14,114.14,114.14,0,1.0
12939.0,64,8,11581.8,1447.725,11581.8,270,0.02952029520295203
12940.0,55,2,899.69,449.845,899.69,33,0.058823529411764705
12942.0,131,3,675.6,225.20000000000002,675.6,234,0.01276595744680851
12944.0,36,2,604.51,302.255,604.51,319,0.00625
12945.0,288,1,462.95,462.95,462.95,0,1.0
12947.0,144,6,1603.99,267.33166666666665,1603.99,229,0.02608695652173913
12948.0,16,7,2064.95,294.99285714285713,2064.95,248,0.028112449799196786
12949.0,31,8,4167.22,520.9025,4167.22,221,0.036036036036036036
12950.0,2,3,1843.0,614.3333333333334,1843.0,21,0.13636363636363635
12951.0,9,6,1064.07,177.345,1064.07,322,0.018575851393188854
12952.0,6,4,1387.79,346.9475,1387.79,72,0.0547945205479452
12953.0,10,1,329.85,329.85,329.85,0,1.0
12955.0,1,11,4757.16,432.4690909090909,4757.16,266,0.04119850187265917
12956.0,306,1,108.07,108.07,108.07,0,1.0
12957.0,10,8,4017.54,502.1925,4017.54,329,0.024242424242424242
12962.0,7,2,266.39,133.195,266.39,106,0.018691588785046728
12963.0,8,8,1856.63,232.07875,1856.63,357,0.0223463687150838
12965.0,89,1,769.8100000000001,769.8100000000001,769.8100000000001,0,1.0
12966.0,10,1,160.18,160.18,160.18,0,1.0
12967.0,358,2,1660.9,830.45,1660.9,13,0.14285714285714285
12968.0,112,1,135.95,135.95,135.95,0,1.0
12970.0,7,4,405.47,101.3675,405.47,315,0.012658227848101266
12971.0,4,86,11189.91,130.11523255813952,11189.91,368,0.23306233062330622
12974.0,198,1,144.8,144.8,144.8,0,1.0
12976.0,212,1,738.6,738.6,738.6,0,1.0
12977.0,156,1,39.239999999999995,39.239999999999995,39.239999999999995,0,1.0
12980.0,158,9,7374.900000000001,819.4333333333334,7374.900000000001,200,0.04477611940298507
12981.0,30,2,372.21999999999997,186.10999999999999,372.21999999999997,103,0.019230769230769232
12982.0,243,1,390.54,390.54,390.54,0,1.0
12984.0,19,1,97.5,97.5,97.5,0,1.0
12985.0,1,2,1239.38,619.69,1239.38,27,0.07142857142857142
12987.0,74,2,558.7,279.35,558.7,124,0.016
12988.0,292,1,505.82,505.82,505.82,0,1.0
12989.0,3,15,6924.110000000001,461.6073333333334,6924.110000000001,361,0.04143646408839779
12990.0,31,3,409.5,136.5,409.5,278,0.010752688172043012
12991.0,23,2,503.76,251.88,503.76,89,0.022222222222222223
12993.0,23,4,414.76,103.69,414.76,275,0.014492753623188406
12994.0,4,3,974.4200000000001,324.8066666666667,974.4200000000001,264,0.011320754716981131
12995.0,85,1,211.32,211.32,211.32,0,1.0
12997.0,22,4,1226.89,306.7225,1226.89,294,0.013559322033898305
12999.0,196,3,455.88,151.96,455.88,49,0.06
13000.0,107,3,534.85,178.28333333333333,534.85,258,0.011583011583011582
13001.0,4,13,9785.970000000001,752.7669230769231,9785.970000000001,322,0.04024767801857585
13002.0,318,1,120.94999999999999,120.94999999999999,120.94999999999999,0,1.0
13003.0,106,3,149.05,49.68333333333334,149.05,109,0.02727272727272727
13004.0,12,18,5655.91,314.21722222222223,5655.91,346,0.05187319884726225
13005.0,174,2,513.7,256.85,513.7,72,0.0273972602739726
13006.0,56,1,81.57,81.57,81.57,0,1.0
13008.0,323,1,229.46999999999997,229.46999999999997,229.46999999999997,0,1.0
13011.0,372,1,50.550000000000004,50.550000000000004,50.550000000000004,0,1.0
13012.0,9,8,1646.8400000000001,205.85500000000002,1646.8400000000001,285,0.027972027972027972
13013.0,1,13,4810.9400000000005,370.07230769230773,4810.9400000000005,370,0.03504043126684636
13014.0,11,10,3466.2799999999997,346.628,3466.2799999999997,270,0.03690036900369004
13015.0,53,5,3339.64,667.928,3339.64,195,0.025510204081632654
13016.0,73,3,789.89,263.2966666666667,789.89,49,0.06
13017.0,7,1,204.0,204.0,204.0,0,1.0
13018.0,16,28,7277.7,259.91785714285714,7277.7,279,0.1
13021.0,4,9,2616.38,290.7088888888889,2616.38,354,0.02535211267605634
13023.0,64,2,689.9,344.95,689.9,65,0.030303030303030304
13026.0,1,5,975.36,195.072,975.36,274,0.01818181818181818
13027.0,114,6,6912.0,1152.0,6912.0,240,0.024896265560165973
13028.0,23,2,661.3199999999999,330.65999999999997,661.3199999999999,22,0.08695652173913043
13029.0,31,3,1247.5,415.8333333333333,1247.5,322,0.009287925696594427
13030.0,11,2,752.4399999999999,376.21999999999997,752.4399999999999,356,0.0056022408963585435
13032.0,52,2,1010.18,505.09,1010.18,34,0.05714285714285714
13033.0,357,1,190.55,190.55,190.55,0,1.0
13034.0,55,2,642.77,321.385,642.77,314,0.006349206349206349
13035.0,74,2,921.88,460.94,921.88,186,0.0106951871657754
13037.0,138,3,881.07,293.69,881.07,118,0.025210084033613446
13038.0,80,3,908.46,302.82,908.46,210,0.014218009478672985
13040.0,9,2,676.99,338.495,676.99,24,0.08
13043.0,273,1,516.42,516.42,516.42,0,1.0
13044.0,291,1,560.47,560.47,560.47,0,1.0
13045.0,99,1,305.28000000000003,305.28000000000003,305.28000000000003,0,1.0
13046.0,31,2,629.31,314.655,629.31,235,0.00847457627118644
13047.0,32,10,3237.54,323.754,3237.54,342,0.029154518950437316
13048.0,14,4,1819.41,454.8525,1819.41,312,0.012779552715654952
13049.0,64,2,656.6800000000001,328.34000000000003,656.6800000000001,253,0.007874015748031496
13050.0,15,17,5836.86,343.3447058823529,5836.86,351,0.048295454545454544
13052.0,212,1,348.15000000000003,348.15000000000003,348.15000000000003,0,1.0
13055.0,78,3,1214.41,404.80333333333334,1214.41,135,0.022058823529411766
13058.0,25,3,271.40000000000003,90.46666666666668,271.40000000000003,127,0.0234375
13059.0,250,1,183.4,183.4,183.4,0,1.0
13060.0,254,1,307.53,307.53,307.53,0,1.0
13061.0,72,1,248.61,248.61,248.61,0,1.0
13062.0,191,1,346.98,346.98,346.98,0,1.0
13064.0,13,4,1105.59,276.3975,1105.59,314,0.012698412698412698
13065.0,373,1,205.86,205.86,205.86,0,1.0
13066.0,24,2,470.8,235.4,470.8,7,0.25
13067.0,82,1,115.46000000000001,115.46000000000001,115.46000000000001,0,1.0
13068.0,10,2,344.0,172.0,344.0,309,0.0064516129032258064
13069.0,1,24,4431.44,184.64333333333332,4431.44,368,0.06504065040650407
13070.0,192,1,228.8,228.8,228.8,0,1.0
13072.0,267,1,177.15,177.15,177.15,0,1.0
13075.0,130,1,919.61,919.61,919.61,0,1.0
13077.0,1,4,728.02,182.005,728.02,365,0.01092896174863388
13078.0,3,26,12627.94,485.69,12627.94,363,0.07142857142857142
13079.0,4,5,220.10000000000002,44.02,220.10000000000002,136,0.0364963503649635
13080.0,179,1,58.08,58.08,58.08,0,1.0
13081.0,12,11,28337.38,2576.1254545454544,28337.38,359,0.030555555555555555
13082.0,126,9,3613.63,401.51444444444445,3613.63,212,0.04225352112676056
13083.0,4,2,303.75,151.875,303.75,71,0.027777777777777776
13085.0,158,2,416.08000000000004,208.04000000000002,416.08000000000004,137,0.014492753623188406
13089.0,3,97,58762.08,605.7946391752578,58762.08,366,0.26430517711171664
13090.0,9,14,8910.82,636.4871428571429,8910.82,364,0.038356164383561646
13091.0,28,1,345.82,345.82,345.82,0,1.0
13092.0,71,5,477.83,95.566,477.83,288,0.01730103806228374
13093.0,276,8,7832.47,979.05875,7832.47,97,0.08163265306122448
13094.0,21,12,1927.3200000000002,160.61,1927.3200000000002,347,0.034482758620689655
13095.0,71,1,74.39999999999999,74.39999999999999,74.39999999999999,0,1.0
13097.0,33,10,6003.22,600.322,6003.22,327,0.03048780487804878
13098.0,1,28,28882.44,1031.5157142857142,28882.44,316,0.08832807570977919
13099.0,99,1,207.35999999999999,207.35999999999999,207.35999999999999,0,1.0
13101.0,234,1,101.19,101.19,101.19,0,1.0
13102.0,1,24,6424.09,267.67041666666665,6424.09,363,0.06593406593406594
13103.0,40,1,243.94,243.94,243.94,0,1.0
13104.0,3,6,1098.48,183.08,1098.48,351,0.017045454545454544
13106.0,133,1,76.5,76.5,76.5,0,1.0
13107.0,44,4,1531.6200000000001,382.90500000000003,1531.6200000000001,289,0.013793103448275862
13108.0,373,1,350.06,350.06,350.06,0,1.0
13109.0,60,2,786.54,393.27,786.54,97,0.02040816326530612
13110.0,31,7,1488.67,212.66714285714286,1488.67,279,0.025
13113.0,1,24,12245.960000000001,510.2483333333334,12245.960000000001,365,0.06557377049180328
13115.0,12,4,2294.78,573.695,2294.78,172,0.023121387283236993
13116.0,138,1,501.14,501.14,501.14,0,1.0
13117.0,22,8,984.91,123.11375,984.91,350,0.022792022792022793
13118.0,20,5,1197.81,239.56199999999998,1197.81,269,0.018518518518518517
13120.0,239,1,30.599999999999998,30.599999999999998,30.599999999999998,0,1.0
13121.0,269,1,283.73,283.73,283.73,0,1.0
13122.0,94,2,922.39,461.195,922.39,146,0.013605442176870748
13124.0,90,3,3756.33,1252.11,3756.33,269,0.011111111111111112
13126.0,5,8,2099.64,262.455,2099.64,361,0.022099447513812154
13127.0,78,1,259.17,259.17,259.17,0,1.0
13130.0,94,1,64.0,64.0,64.0,0,1.0
13131.0,23,3,1073.3,357.76666666666665,1073.3,164,0.01818181818181818
13132.0,262,1,77.3,77.3,77.3,0,1.0
13133.0,274,2,109.8,54.9,109.8,30,0.06451612903225806
13134.0,86,4,1793.58,448.395,1793.58,154,0.025806451612903226
13135.0,197,1,3096.0,3096.0,3096.0,0,1.0
13136.0,56,5,2607.61,521.522,2607.61,156,0.03184713375796178
13137.0,11,8,3603.29,450.41125,3603.29,298,0.026755852842809364
13138.0,22,6,962.39,160.39833333333334,962.39,350,0.017094017094017096
13139.0,16,7,5064.94,723.5628571428571,5064.94,243,0.028688524590163935
13140.0,108,3,422.47,140.82333333333335,422.47,258,0.011583011583011582
13141.0,85,5,2388.75,477.75,2388.75,230,0.021645021645021644
13142.0,19,1,307.09,307.09,307.09,0,1.0
13144.0,333,1,110.95,110.95,110.95,0,1.0
13145.0,40,4,618.52,154.63,618.52,332,0.012012012012012012
13146.0,26,1,228.91,228.91,228.91,0,1.0
13147.0,10,4,712.8000000000001,178.20000000000002,712.8000000000001,89,0.044444444444444446
13148.0,29,12,3683.26,306.93833333333333,3683.26,335,0.03571428571428571
13149.0,14,4,1676.06,419.015,1676.06,274,0.014545454545454545
13151.0,296,1,1257.8700000000001,1257.8700000000001,1257.8700000000001,0,1.0
13153.0,6,1,486.22,486.22,486.22,0,1.0
13155.0,33,4,971.76,242.94,971.76,335,0.011904761904761904
13157.0,49,4,1741.22,435.305,1741.22,248,0.01606425702811245
13158.0,95,4,1201.06,300.265,1201.06,224,0.017777777777777778
13159.0,9,4,1429.35,357.3375,1429.35,106,0.037383177570093455
13160.0,22,1,91.8,91.8,91.8,0,1.0
13161.0,313,1,112.75,112.75,112.75,0,1.0
13162.0,122,4,1688.29,422.0725,1688.29,212,0.018779342723004695
13165.0,46,2,1021.48,510.74,1021.48,305,0.006535947712418301
13166.0,283,1,417.2,417.2,417.2,0,1.0
13167.0,19,4,791.33,197.8325,791.33,125,0.031746031746031744
13168.0,36,4,1299.59,324.8975,1299.59,281,0.014184397163120567
13169.0,64,2,712.88,356.44,712.88,188,0.010582010582010581
13170.0,27,1,108.81,108.81,108.81,0,1.0
13171.0,22,3,468.41,156.13666666666668,468.41,277,0.01079136690647482
13173.0,4,2,353.65,176.825,353.65,363,0.005494505494505495
13174.0,16,3,2742.82,914.2733333333334,2742.82,352,0.0084985835694051
13176.0,46,1,481.49,481.49,481.49,0,1.0
13177.0,65,1,282.45,282.45,282.45,0,1.0
13178.0,26,11,5725.47,520.4972727272727,5725.47,334,0.03283582089552239
13182.0,45,1,121.18,121.18,121.18,0,1.0
13183.0,8,9,3957.78,439.75333333333333,3957.78,326,0.027522935779816515
13184.0,15,10,1668.95,166.895,1668.95,275,0.036231884057971016
13185.0,268,1,71.4,71.4,71.4,0,1.0
13186.0,40,3,1575.89,525.2966666666667,1575.89,89,0.03333333333333333
13187.0,337,1,236.02,236.02,236.02,0,1.0
13188.0,11,1,114.60000000000001,114.60000000000001,114.60000000000001,0,1.0
13189.0,19,2,260.68,130.34,260.68,96,0.020618556701030927
13192.0,95,2,911.94,455.97,911.94,109,0.01818181818181818
13193.0,61,1,112.08,112.08,112.08,0,1.0
13194.0,136,1,60.7,60.7,60.7,0,1.0
13196.0,11,4,1797.78,449.445,1797.78,250,0.01593625498007968
13198.0,10,6,3401.2400000000002,566.8733333333333,3401.2400000000002,351,0.017045454545454544
13199.0,4,38,9817.12,258.34526315789475,9817.12,363,0.1043956043956044
13200.0,19,4,870.09,217.5225,870.09,107,0.037037037037037035
13203.0,10,4,869.46,217.365,869.46,232,0.017167381974248927
13207.0,15,2,250.26000000000002,125.13000000000001,250.26000000000002,135,0.014705882352941176
13208.0,59,6,1217.65,202.9416666666667,1217.65,250,0.02390438247011952
13209.0,30,8,5891.61,736.45125,5891.61,331,0.024096385542168676
13210.0,94,1,353.48,353.48,353.48,0,1.0
13211.0,10,3,1095.42,365.14000000000004,1095.42,350,0.008547008547008548
13212.0,20,3,786.83,262.2766666666667,786.83,41,0.07142857142857142
13213.0,57,5,1520.58,304.116,1520.58,142,0.03496503496503497
13216.0,268,1,333.74,333.74,333.74,0,1.0
13217.0,122,3,533.98,177.99333333333334,533.98,34,0.08571428571428572
13218.0,127,1,62.63999999999999,62.63999999999999,62.63999999999999,0,1.0
13220.0,78,4,819.2900000000001,204.82250000000002,819.2900000000001,158,0.025157232704402517
13221.0,240,2,847.41,423.705,847.41,119,0.016666666666666666
13223.0,200,2,163.20000000000002,81.60000000000001,163.20000000000002,31,0.0625
13224.0,60,2,2155.95,1077.975,2155.95,91,0.021739130434782608
13225.0,3,7,6463.84,923.4057142857143,6463.84,358,0.019498607242339833
13226.0,273,1,108.21000000000001,108.21000000000001,108.21000000000001,0,1.0
13227.0,202,1,257.7,257.7,257.7,0,1.0
13228.0,81,1,358.0,358.0,358.0,0,1.0
13229.0,226,1,160.95,160.95,160.95,0,1.0
13230.0,4,14,2755.63,196.8307142857143,2755.63,360,0.038781163434903045
13232.0,13,7,1328.35,189.7642857142857,1328.35,230,0.030303030303030304
13233.0,74,2,605.12,302.56,605.12,261,0.007633587786259542
13235.0,212,1,1031.07,1031.07,1031.07,0,1.0
13236.0,25,2,744.85,372.425,744.85,82,0.024096385542168676
13238.0,17,4,700.73,175.1825,700.73,343,0.011627906976744186
13239.0,262,1,329.56,329.56,329.56,0,1.0
13240.0,96,4,663.65,165.9125,663.65,269,0.014814814814814815
13242.0,112,3,270.40000000000003,90.13333333333334,270.40000000000003,101,0.029411764705882353
13243.0,203,1,585.12,585.12,585.12,0,1.0
13244.0,93,1,121.74000000000001,121.74000000000001,121.74000000000001,0,1.0
13245.0,51,1,430.5,430.5,430.5,0,1.0
13246.0,18,6,1961.52,326.92,1961.52,312,0.019169329073482427
13247.0,18,4,501.12,125.28,501.12,64,0.06153846153846154
13248.0,125,2,465.68,232.84,465.68,64,0.03076923076923077
13249.0,92,3,711.41,237.13666666666666,711.41,168,0.01775147928994083
13253.0,157,2,1030.4,515.2,1030.4,182,0.01092896174863388
13255.0,9,2,399.51,199.755,399.51,364,0.005479452054794521
13258.0,12,3,672.83,224.27666666666667,672.83,193,0.015463917525773196
13259.0,62,1,283.18,283.18,283.18,0,1.0
13260.0,61,1,557.62,557.62,557.62,0,1.0
13261.0,269,2,944.1,472.05,944.1,17,0.1111111111111111
13262.0,263,1,200.29,200.29,200.29,0,1.0
13263.0,1,35,7436.93,212.48371428571429,7436.93,323,0.10802469135802469
13265.0,53,5,2092.66,418.532,2092.66,220,0.02262443438914027
13266.0,11,12,3834.2599999999998,319.52166666666665,3834.2599999999998,245,0.04878048780487805
13267.0,3,19,4521.49,237.97315789473683,4521.49,364,0.052054794520547946
13268.0,18,11,3174.75,288.6136363636364,3174.75,249,0.044
13269.0,1,15,5343.28,356.21866666666665,5343.28,368,0.04065040650406504
13270.0,366,1,590.0,590.0,590.0,0,1.0
13271.0,37,1,211.49,211.49,211.49,0,1.0
13272.0,31,2,276.56,138.28,276.56,58,0.03389830508474576
13273.0,113,1,138.98,138.98,138.98,0,1.0
13276.0,64,2,590.9300000000001,295.46500000000003,590.9300000000001,36,0.05405405405405406
13277.0,16,4,258.4,64.6,258.4,117,0.03389830508474576
13278.0,41,1,542.73,542.73,542.73,0,1.0
13279.0,78,1,137.75,137.75,137.75,0,1.0
13280.0,122,3,798.46,266.15333333333336,798.46,214,0.013953488372093023
13282.0,18,3,1132.14,377.38000000000005,1132.14,202,0.014778325123152709
13283.0,60,2,93.66,46.83,93.66,125,0.015873015873015872
13284.0,331,1,201.19,201.19,201.19,0,1.0
13285.0,23,4,2709.12,677.28,2709.12,266,0.0149812734082397
13291.0,156,1,361.11,361.11,361.11,0,1.0
13292.0,39,2,578.9399999999999,289.46999999999997,578.9399999999999,245,0.008130081300813009
13294.0,190,2,873.74,436.87,873.74,59,0.03333333333333333
13295.0,360,1,201.20000000000002,201.20000000000002,201.20000000000002,0,1.0
13296.0,137,1,87.4,87.4,87.4,0,1.0
13297.0,8,4,2089.85,522.4625,2089.85,59,0.06666666666666667
13298.0,1,1,360.0,360.0,360.0,0,1.0
13299.0,268,1,142.5,142.5,142.5,0,1.0
13300.0,169,1,371.89,371.89,371.89,0,1.0
13301.0,104,4,618.09,154.5225,618.09,188,0.021164021164021163
13302.0,155,1,63.75,63.75,63.75,0,1.0
13304.0,351,1,300.42,300.42,300.42,0,1.0
13305.0,4,10,2000.86,200.08599999999998,2000.86,368,0.02710027100271003
13307.0,120,1,15.0,15.0,15.0,0,1.0
13308.0,23,3,1385.51,461.83666666666664,1385.51,180,0.016574585635359115
13309.0,7,5,1456.79,291.358,1456.79,301,0.016556291390728478
13310.0,28,3,1132.03,377.3433333333333,1132.03,296,0.010101010101010102
13311.0,4,2,598.57,299.285,598.57,145,0.0136986301369863
13313.0,22,5,1555.32,311.06399999999996,1555.32,317,0.015723270440251572
13314.0,2,3,775.94,258.6466666666667,775.94,72,0.0410958904109589
13316.0,37,4,5732.93,1433.2325,5732.93,217,0.01834862385321101
13317.0,66,6,2273.68,378.94666666666666,2273.68,292,0.020477815699658702
13318.0,1,3,640.76,213.58666666666667,640.76,36,0.08108108108108109
13319.0,5,26,10845.550000000001,417.1365384615385,10845.550000000001,360,0.07202216066481995
13320.0,78,4,1532.2,383.05,1532.2,135,0.029411764705882353
13321.0,72,2,567.36,283.68,567.36,14,0.13333333333333333
13322.0,17,1,199.48000000000002,199.48000000000002,199.48000000000002,0,1.0
13323.0,3,5,787.85,157.57,787.85,81,0.06097560975609756
13324.0,36,10,7121.95,712.1949999999999,7121.95,324,0.03076923076923077
13325.0,82,1,675.3,675.3,675.3,0,1.0
13327.0,39,8,3627.77,453.47125,3627.77,326,0.024464831804281346
13328.0,316,1,1308.48,1308.48,1308.48,0,1.0
13329.0,32,2,789.0,394.5,789.0,335,0.005952380952380952
13330.0,93,3,1140.93,380.31,1140.93,223,0.013392857142857142
13332.0,14,1,350.9,350.9,350.9,0,1.0
13334.0,82,3,3502.32,1167.44,3502.32,223,0.013392857142857142
13336.0,77,1,795.12,795.12,795.12,0,1.0
13338.0,158,1,487.02,487.02,487.02,0,1.0
13339.0,201,1,860.12,860.12,860.12,0,1.0
13340.0,45,7,10736.48,1533.782857142857,10736.48,231,0.03017241379310345
13341.0,261,1,775.85,775.85,775.85,0,1.0
13343.0,178,1,353.43,353.43,353.43,0,1.0
13344.0,68,3,2511.69,837.23,2511.69,209,0.014285714285714285
13345.0,288,1,389.5,389.5,389.5,0,1.0
13347.0,70,1,341.36,341.36,341.36,0,1.0
13348.0,64,1,233.76,233.76,233.76,0,1.0
13349.0,11,1,247.32,247.32,247.32,0,1.0
13350.0,16,2,979.12,489.56,979.12,63,0.03125
13351.0,66,1,373.94,373.94,373.94,0,1.0
13352.0,60,1,397.97999999999996,397.97999999999996,397.97999999999996,0,1.0
13354.0,71,1,743.53,743.53,743.53,0,1.0
13355.0,122,1,674.7,674.7,674.7,0,1.0
13356.0,80,1,768.24,768.24,768.24,0,1.0
13357.0,257,1,609.4,609.4,609.4,0,1.0
13358.0,269,1,439.03,439.03,439.03,0,1.0
13359.0,64,1,439.56,439.56,439.56,0,1.0
13362.0,9,4,3090.7400000000002,772.6850000000001,3090.7400000000002,278,0.014336917562724014
13363.0,18,2,992.5,496.25,992.5,26,0.07407407407407407
13364.0,71,1,134.95999999999998,134.95999999999998,134.95999999999998,0,1.0
13365.0,34,2,2225.37,1112.685,2225.37,184,0.010810810810810811
13366.0,50,1,56.160000000000004,56.160000000000004,56.160000000000004,0,1.0
13368.0,257,2,623.4,311.7,623.4,80,0.024691358024691357
13369.0,366,1,308.28000000000003,308.28000000000003,308.28000000000003,0,1.0
13370.0,372,1,754.87,754.87,754.87,0,1.0
13372.0,90,1,378.64,378.64,378.64,0,1.0
13373.0,61,3,3312.25,1104.0833333333333,3312.25,215,0.013888888888888888
13375.0,89,1,778.65,778.65,778.65,0,1.0
13376.0,99,3,1019.76,339.92,1019.76,135,0.022058823529411766
13379.0,26,3,572.56,190.85333333333332,572.56,110,0.02702702702702703
13381.0,32,6,3639.31,606.5516666666666,3639.31,267,0.022388059701492536
13382.0,281,1,222.99,222.99,222.99,0,1.0
13384.0,31,7,4151.93,593.1328571428572,4151.93,147,0.0472972972972973
13385.0,330,1,534.57,534.57,534.57,0,1.0
13388.0,131,2,677.1,338.55,677.1,0,2.0
13389.0,11,3,797.96,265.9866666666667,797.96,221,0.013513513513513514
13390.0,75,1,544.08,544.08,544.08,0,1.0
13391.0,204,1,59.8,59.8,59.8,0,1.0
13394.0,2,8,2520.02,315.0025,2520.02,308,0.025889967637540454
13395.0,185,1,307.72,307.72,307.72,0,1.0
13396.0,29,2,1360.99,680.495,1360.99,290,0.006872852233676976
13397.0,73,5,1544.13,308.826,1544.13,266,0.018726591760299626
13398.0,192,1,457.34,457.34,457.34,0,1.0
13402.0,127,2,621.23,310.615,621.23,244,0.00816326530612245
13403.0,18,1,75.0,75.0,75.0,0,1.0
13404.0,1,2,252.49,126.245,252.49,211,0.009433962264150943
13405.0,74,3,572.451,190.817,572.451,243,0.012295081967213115
13408.0,2,62,28117.04,453.5006451612903,28117.04,371,0.16666666666666666
13410.0,24,5,1003.06,200.612,1003.06,267,0.018656716417910446
13411.0,107,1,213.55,213.55,213.55,0,1.0
13414.0,134,3,1390.5,463.5,1390.5,162,0.018404907975460124
13416.0,44,2,712.5,356.25,712.5,37,0.05263157894736842
13417.0,5,2,640.83,320.415,640.83,200,0.009950248756218905
13418.0,12,18,6127.43,340.4127777777778,6127.43,360,0.04986149584487535
13419.0,64,1,221.06,221.06,221.06,0,1.0
13420.0,150,2,159.85,79.925,159.85,20,0.09523809523809523
13421.0,40,2,1833.71,916.855,1833.71,249,0.008
13422.0,64,1,2626.3,2626.3,2626.3,0,1.0
13425.0,108,3,1624.21,541.4033333333333,1624.21,186,0.016042780748663103
13426.0,1,10,3641.32,364.132,3641.32,358,0.027855153203342618
13427.0,19,3,582.6,194.20000000000002,582.6,195,0.015306122448979591
13428.0,10,1,201.78,201.78,201.78,0,1.0
13429.0,11,4,1006.8,251.7,1006.8,64,0.06153846153846154
13430.0,19,2,679.45,339.725,679.45,67,0.029411764705882353
13431.0,67,2,1269.1,634.55,1269.1,21,0.09090909090909091
13434.0,74,2,534.24,267.12,534.24,22,0.08695652173913043
13435.0,5,7,3809.8900000000003,544.2700000000001,3809.8900000000003,183,0.03804347826086957
13436.0,2,1,196.89,196.89,196.89,0,1.0
13437.0,14,7,3408.06,486.86571428571426,3408.06,175,0.03977272727272727
13439.0,255,1,283.71,283.71,283.71,0,1.0
13441.0,92,1,296.64,296.64,296.64,0,1.0
13447.0,23,3,1129.14,376.38000000000005,1129.14,12,0.23076923076923078
13448.0,17,6,3534.69,589.115,3534.69,357,0.01675977653631285
13449.0,24,1,291.88,291.88,291.88,0,1.0
13450.0,27,6,2043.7199999999998,340.61999999999995,2043.7199999999998,191,0.03125
13451.0,26,5,2898.2599999999998,579.6519999999999,2898.2599999999998,308,0.016181229773462782
13452.0,259,2,590.0,295.0,590.0,11,0.16666666666666666
13453.0,166,2,356.97999999999996,178.48999999999998,356.97999999999996,123,0.016129032258064516
13455.0,25,2,1058.34,529.17,1058.34,341,0.005847953216374269
13456.0,18,6,1766.72,294.4533333333333,1766.72,189,0.031578947368421054
13458.0,7,14,9646.57,689.0407142857142,9646.57,352,0.039660056657223795
13460.0,29,2,183.44,91.72,183.44,20,0.09523809523809523
13461.0,39,3,1445.0,481.6666666666667,1445.0,124,0.024
13462.0,253,1,151.5,151.5,151.5,0,1.0
13464.0,58,1,674.68,674.68,674.68,0,1.0
13466.0,184,1,307.9,307.9,307.9,0,1.0
13467.0,11,2,1071.91,535.955,1071.91,25,0.07692307692307693
13468.0,2,37,5704.97,154.1883783783784,5704.97,371,0.09946236559139784
13470.0,99,2,165.0,82.5,165.0,15,0.125
13471.0,1,4,2501.84,625.46,2501.84,46,0.0851063829787234
13473.0,61,2,422.64,211.32,422.64,272,0.007326007326007326
13474.0,236,1,226.84,226.84,226.84,0,1.0
13475.0,191,4,1431.78,357.945,1431.78,107,0.037037037037037035
13476.0,179,2,1238.47,619.235,1238.47,102,0.019417475728155338
13477.0,38,6,1454.58,242.42999999999998,1454.58,253,0.023622047244094488
13479.0,201,2,300.95,150.475,300.95,33,0.058823529411764705
13481.0,46,5,1804.56,360.912,1804.56,211,0.02358490566037736
13482.0,232,1,184.64,184.64,184.64,0,1.0
13483.0,66,1,140.34,140.34,140.34,0,1.0
13484.0,241,1,313.8,313.8,313.8,0,1.0
13485.0,233,1,454.24,454.24,454.24,0,1.0
13486.0,78,3,1122.41,374.1366666666667,1122.41,76,0.03896103896103896
13487.0,58,3,575.4,191.79999999999998,575.4,295,0.010135135135135136
13488.0,17,13,8968.31,689.87,8968.31,350,0.037037037037037035
13489.0,105,4,449.52,112.38,449.52,189,0.021052631578947368
13491.0,52,10,1215.82,121.582,1215.82,320,0.03115264797507788
13492.0,136,3,1269.84,423.28,1269.84,78,0.0379746835443038
13493.0,275,2,618.63,309.315,618.63,11,0.16666666666666666
13494.0,312,1,316.26000000000005,316.26000000000005,316.26000000000005,0,1.0
13495.0,8,5,2044.8700000000001,408.97400000000005,2044.8700000000001,360,0.013850415512465374
13496.0,11,2,653.33,326.665,653.33,349,0.005714285714285714
13497.0,283,2,348.05,174.025,348.05,85,0.023255813953488372
13499.0,18,5,1159.11,231.82199999999997,1159.11,252,0.019762845849802372
13500.0,23,3,1166.77,388.92333333333335,1166.77,99,0.03
13501.0,288,1,1340.32,1340.32,1340.32,0,1.0
13502.0,17,3,292.0,97.33333333333333,292.0,307,0.00974025974025974
13503.0,71,1,216.85,216.85,216.85,0,1.0
13504.0,64,1,295.93,295.93,295.93,0,1.0
13505.0,73,4,4393.63,1098.4075,4393.63,159,0.025
13506.0,316,2,458.52,229.26,458.52,53,0.037037037037037035
13507.0,3,4,2479.16,619.79,2479.16,142,0.027972027972027972
13508.0,244,1,110.97,110.97,110.97,0,1.0
13509.0,9,7,979.72,139.96,979.72,275,0.025362318840579712
13510.0,1,4,1791.56,447.89,1791.56,182,0.02185792349726776
13512.0,261,1,251.21,251.21,251.21,0,1.0
13513.0,127,1,205.1,205.1,205.1,0,1.0
13514.0,74,1,152.20000000000002,152.20000000000002,152.20000000000002,0,1.0
13515.0,73,4,891.12,222.78,891.12,175,0.022727272727272728
13516.0,21,3,1389.41,463.1366666666667,1389.41,217,0.013761467889908258
13517.0,60,3,2128.42,709.4733333333334,2128.42,120,0.024793388429752067
13518.0,86,1,627.16,627.16,627.16,0,1.0
13519.0,78,1,122.75,122.75,122.75,0,1.0
13520.0,59,6,3624.35,604.0583333333333,3624.35,312,0.019169329073482427
13521.0,1,3,1071.73,357.24333333333334,1071.73,8,0.3333333333333333
13522.0,30,1,125.80000000000001,125.80000000000001,125.80000000000001,0,1.0
13523.0,33,5,3964.88,792.976,3964.88,333,0.014970059880239521
13524.0,41,5,680.1800000000001,136.036,680.1800000000001,179,0.027777777777777776
13525.0,15,2,628.78,314.39,628.78,233,0.008547008547008548
13527.0,34,7,2242.36,320.33714285714285,2242.36,293,0.023809523809523808
13529.0,79,2,307.76,153.88,307.76,125,0.015873015873015872
13531.0,205,2,483.8,241.9,483.8,161,0.012345679012345678
13532.0,34,1,210.31,210.31,210.31,0,1.0
13533.0,183,3,269.09,89.69666666666666,269.09,84,0.03529411764705882
13534.0,2,25,5870.08,234.8032,5870.08,355,0.0702247191011236
13536.0,1,7,3444.39,492.05571428571426,3444.39,74,0.09333333333333334
13538.0,43,7,1280.85,182.97857142857143,1280.85,272,0.02564102564102564
13539.0,86,3,631.34,210.4466666666667,631.34,223,0.013392857142857142
13544.0,40,2,276.06,138.03,276.06,200,0.009950248756218905
13546.0,12,3,621.09,207.03,621.09,188,0.015873015873015872
13548.0,96,2,678.16,339.08,678.16,147,0.013513513513513514
13549.0,26,7,918.2,131.17142857142858,918.2,216,0.03225806451612903
13551.0,319,1,91.80000000000001,91.80000000000001,91.80000000000001,0,1.0
13552.0,66,12,3740.07,311.6725,3740.07,249,0.048
13555.0,74,4,4098.88,1024.72,4098.88,128,0.031007751937984496
13557.0,28,2,584.06,292.03,584.06,252,0.007905138339920948
13558.0,6,4,594.52,148.63,594.52,62,0.06349206349206349
13560.0,7,1,171.42000000000002,171.42000000000002,171.42000000000002,0,1.0
13561.0,216,1,141.85999999999999,141.85999999999999,141.85999999999999,0,1.0
13562.0,82,3,1799.33,599.7766666666666,1799.33,163,0.018292682926829267
13563.0,84,2,777.53,388.765,777.53,55,0.03571428571428571
13564.0,144,3,1724.67,574.89,1724.67,223,0.013392857142857142
13565.0,19,2,240.22,120.11,240.22,315,0.006329113924050633
13566.0,41,2,856.84,428.42,856.84,41,0.047619047619047616
13568.0,173,1,187.05,187.05,187.05,0,1.0
13569.0,17,2,338.62,169.31,338.62,350,0.005698005698005698
13570.0,243,1,239.49,239.49,239.49,0,1.0
13571.0,13,12,2088.94,174.07833333333335,2088.94,240,0.04979253112033195
13572.0,206,1,1384.25,1384.25,1384.25,0,1.0
13573.0,50,2,290.25,145.125,290.25,202,0.009852216748768473
13575.0,23,5,732.0699999999999,146.414,732.0699999999999,152,0.032679738562091505
13576.0,10,18,6717.34,373.18555555555554,6717.34,362,0.049586776859504134
13577.0,25,4,1687.6000000000001,421.90000000000003,1687.6000000000001,216,0.018433179723502304
13579.0,15,2,467.04,233.52,467.04,354,0.005633802816901409
13581.0,309,1,118.0,118.0,118.0,0,1.0
13583.0,156,1,781.03,781.03,781.03,0,1.0
13584.0,307,1,142.4,142.4,142.4,0,1.0
13587.0,64,1,712.4,712.4,712.4,0,1.0
13588.0,16,9,2478.95,275.43888888888887,2478.95,239,0.0375
13589.0,15,2,379.65,189.825,379.65,164,0.012121212121212121
13590.0,11,6,1981.92,330.32,1981.92,291,0.02054794520547945
13591.0,65,3,1117.13,372.3766666666667,1117.13,202,0.014778325123152709
13592.0,36,4,247.95999999999998,61.989999999999995,247.95999999999998,228,0.017467248908296942
13593.0,108,5,2011.88,402.37600000000003,2011.88,227,0.021929824561403508
13594.0,53,1,396.97,396.97,396.97,0,1.0
13596.0,6,2,664.11,332.055,664.11,7,0.25
13598.0,47,1,160.04,160.04,160.04,0,1.0
13599.0,1,21,5149.92,245.2342857142857,5149.92,365,0.05737704918032787
13600.0,312,1,219.52,219.52,219.52,0,1.0
13601.0,45,2,693.32,346.66,693.32,166,0.011976047904191617
13602.0,65,1,428.89,428.89,428.89,0,1.0
13603.0,26,1,164.34,164.34,164.34,0,1.0
13606.0,29,3,276.75,92.25,276.75,282,0.01060070671378092
13607.0,40,1,675.51,675.51,675.51,0,1.0
13610.0,12,7,1082.33,154.6185714285714,1082.33,273,0.025547445255474453
13611.0,89,3,1154.4,384.8,1154.4,270,0.01107011070110701
13614.0,24,4,1585.46,396.365,1585.46,306,0.013029315960912053
13615.0,319,1,417.69,417.69,417.69,0,1.0
13617.0,40,3,544.18,181.39333333333332,544.18,140,0.02127659574468085
13618.0,174,1,177.34,177.34,177.34,0,1.0
13621.0,117,1,213.85,213.85,213.85,0,1.0
13623.0,31,5,727.74,145.548,727.74,266,0.018726591760299626
13626.0,253,1,257.23,257.23,257.23,0,1.0
13627.0,59,5,1638.47,327.694,1638.47,298,0.016722408026755852
13629.0,23,11,7792.36,708.3963636363636,7792.36,315,0.03481012658227848
13630.0,5,7,2031.78,290.2542857142857,2031.78,280,0.02491103202846975
13631.0,100,11,3070.42,279.1290909090909,3070.42,167,0.06547619047619048
13632.0,25,5,2118.93,423.78599999999994,2118.93,218,0.0228310502283105
13634.0,33,5,1547.3600000000001,309.47200000000004,1547.3600000000001,293,0.017006802721088437
13635.0,68,1,1071.03,1071.03,1071.03,0,1.0
13636.0,37,5,949.12,189.824,949.12,248,0.020080321285140562
13637.0,52,3,804.3,268.09999999999997,804.3,174,0.017142857142857144
13638.0,16,1,122.64,122.64,122.64,0,1.0
13639.0,74,1,1033.34,1033.34,1033.34,0,1.0
13642.0,216,1,312.28,312.28,312.28,0,1.0
13643.0,31,3,519.44,173.14666666666668,519.44,154,0.01935483870967742
13644.0,16,4,2624.26,656.065,2624.26,89,0.044444444444444446
13645.0,120,1,252.1,252.1,252.1,0,1.0
13647.0,10,4,1648.1200000000001,412.03000000000003,1648.1200000000001,225,0.017699115044247787
13649.0,257,2,346.6,173.3,346.6,109,0.01818181818181818
13650.0,17,6,1836.34,306.0566666666667,1836.34,250,0.02390438247011952
13651.0,35,2,94.2,47.1,94.2,4,0.4
13652.0,46,3,1095.08,365.02666666666664,1095.08,322,0.009287925696594427
13654.0,43,6,2707.33,451.22166666666664,2707.33,230,0.025974025974025976
13655.0,114,2,932.97,466.485,932.97,127,0.015625
13656.0,165,2,379.65,189.825,379.65,172,0.011560693641618497
13657.0,11,2,382.14,191.07,382.14,190,0.010471204188481676
13658.0,10,5,2639.17,527.8340000000001,2639.17,194,0.02564102564102564
13659.0,206,2,1563.0,781.5,1563.0,115,0.017241379310344827
13662.0,86,3,881.26,293.75333333333333,881.26,173,0.017241379310344827
13663.0,179,1,189.47,189.47,189.47,0,1.0
13666.0,60,3,84.65,28.21666666666667,84.65,227,0.013157894736842105
13667.0,149,1,299.05,299.05,299.05,0,1.0
13668.0,3,21,6309.83,300.46809523809526,6309.83,359,0.058333333333333334
13669.0,51,2,218.55,109.275,218.55,98,0.020202020202020204
13670.0,75,1,349.7,349.7,349.7,0,1.0
13672.0,301,2,186.39000000000001,93.19500000000001,186.39000000000001,30,0.06451612903225806
13673.0,19,2,387.44,193.72,387.44,13,0.14285714285714285
13675.0,151,2,486.82000000000005,243.41000000000003,486.82000000000005,133,0.014925373134328358
13678.0,152,1,232.6,232.6,232.6,0,1.0
13680.0,1,4,3719.12,929.78,3719.12,337,0.011834319526627219
13681.0,18,4,827.83,206.9575,827.83,137,0.028985507246376812
13682.0,187,1,59.5,59.5,59.5,0,1.0
13684.0,286,1,65.13,65.13,65.13,0,1.0
13685.0,3,7,3119.44,445.63428571428574,3119.44,57,0.1206896551724138
13686.0,183,1,72.0,72.0,72.0,0,1.0
13689.0,63,1,910.0,910.0,910.0,0,1.0
13690.0,59,1,172.25,172.25,172.25,0,1.0
13692.0,25,3,1488.32,496.1066666666666,1488.32,211,0.014150943396226415
13694.0,4,50,65039.62,1300.7924,65039.62,369,0.13513513513513514
13695.0,31,15,2504.13,166.942,2504.13,228,0.06550218340611354
13697.0,39,1,151.29999999999998,151.29999999999998,151.29999999999998,0,1.0
13699.0,155,1,308.58000000000004,308.58000000000004,308.58000000000004,0,1.0
13700.0,26,10,2248.63,224.863,2248.63,300,0.03322259136212625
13703.0,318,1,99.5,99.5,99.5,0,1.0
13704.0,5,9,2308.06,256.4511111111111,2308.06,83,0.10714285714285714
13705.0,8,3,711.86,237.28666666666666,711.86,366,0.008174386920980926
13706.0,303,1,330.79,330.79,330.79,0,1.0
13707.0,267,2,806.41,403.205,806.41,48,0.04081632653061224
13708.0,271,1,285.33,285.33,285.33,0,1.0
13709.0,4,13,6307.650000000001,485.2038461538462,6307.650000000001,311,0.041666666666666664
13710.0,32,1,180.48,180.48,180.48,0,1.0
13711.0,219,2,252.06,126.03,252.06,0,2.0
13712.0,247,1,228.84,228.84,228.84,0,1.0
13715.0,281,5,1077.39,215.478,1077.39,91,0.05434782608695652
13716.0,269,1,138.28,138.28,138.28,0,1.0
13717.0,32,6,1445.01,240.835,1445.01,266,0.02247191011235955
13718.0,246,2,306.55,153.275,306.55,49,0.04
13719.0,15,5,1041.68,208.336,1041.68,219,0.022727272727272728
13720.0,117,4,799.9,199.975,799.9,138,0.02877697841726619
13721.0,36,1,524.14,524.14,524.14,0,1.0
13722.0,132,3,2375.41,791.8033333333333,2375.41,151,0.019736842105263157
13723.0,217,1,199.85000000000002,199.85000000000002,199.85000000000002,0,1.0
13725.0,50,8,1980.56,247.57,1980.56,258,0.03088803088803089
13726.0,39,2,1079.6599999999999,539.8299999999999,1079.6599999999999,61,0.03225806451612903
13727.0,29,2,333.48,166.74,333.48,4,0.4
13728.0,37,6,1016.14,169.35666666666665,1016.14,273,0.021897810218978103
13730.0,136,2,752.6,376.3,752.6,25,0.07692307692307693
13731.0,219,2,610.59,305.295,610.59,27,0.07142857142857142
13732.0,28,1,491.86,491.86,491.86,0,1.0
13735.0,25,4,2883.54,720.885,2883.54,209,0.01904761904761905
13736.0,5,2,729.8,364.9,729.8,255,0.0078125
13737.0,200,1,339.59999999999997,339.59999999999997,339.59999999999997,0,1.0
13739.0,18,1,216.9,216.9,216.9,0,1.0
13740.0,241,1,350.75,350.75,350.75,0,1.0
13741.0,72,3,668.4300000000001,222.81000000000003,668.4300000000001,145,0.02054794520547945
13742.0,17,12,3107.87,258.9891666666667,3107.87,303,0.039473684210526314
13743.0,3,7,1341.6,191.65714285714284,1341.6,256,0.027237354085603113
13744.0,95,2,1080.52,540.26,1080.52,197,0.010101010101010102
13745.0,162,1,300.04,300.04,300.04,0,1.0
13747.0,374,1,79.6,79.6,79.6,0,1.0
13748.0,96,5,948.25,189.65,948.25,278,0.017921146953405017
13750.0,54,5,1647.26,329.452,1647.26,283,0.017605633802816902
13751.0,288,1,296.25,296.25,296.25,0,1.0
13752.0,124,6,1175.38,195.89666666666668,1175.38,122,0.04878048780487805
13753.0,288,1,741.26,741.26,741.26,0,1.0
13754.0,152,2,282.59999999999997,141.29999999999998,282.59999999999997,165,0.012048192771084338
13755.0,4,9,2108.06,234.2288888888889,2108.06,59,0.15
13756.0,2,14,5189.52,370.68,5189.52,365,0.03825136612021858
13758.0,12,7,3190.55,455.79285714285714,3190.55,361,0.019337016574585635
13759.0,33,2,659.4100000000001,329.70500000000004,659.4100000000001,37,0.05263157894736842
13760.0,54,2,286.79,143.395,286.79,202,0.009852216748768473
13761.0,50,2,1070.65,535.325,1070.65,129,0.015384615384615385
13762.0,219,1,306.72,306.72,306.72,0,1.0
13763.0,63,1,1714.96,1714.96,1714.96,0,1.0
13764.0,71,3,1519.42,506.47333333333336,1519.42,266,0.011235955056179775
13767.0,2,37,17220.36,465.41513513513513,17220.36,371,0.09946236559139784
13769.0,2,10,2796.51,279.651,2796.51,365,0.0273224043715847
13771.0,64,4,2634.45,658.6125,2634.45,182,0.02185792349726776
13772.0,34,3,1122.63,374.21000000000004,1122.63,205,0.014563106796116505
13774.0,82,1,345.0,345.0,345.0,0,1.0
13777.0,1,33,25977.16,787.1866666666666,25977.16,372,0.08847184986595175
13778.0,103,1,178.7,178.7,178.7,0,1.0
13780.0,7,2,360.01,180.005,360.01,163,0.012195121951219513
13781.0,251,1,127.84,127.84,127.84,0,1.0
13782.0,13,6,908.86,151.47666666666666,908.86,315,0.0189873417721519
13784.0,10,11,2462.79,223.89,2462.79,322,0.034055727554179564
13786.0,367,1,230.39999999999998,230.39999999999998,230.39999999999998,0,1.0
13787.0,76,2,309.04,154.52,309.04,288,0.006920415224913495
13790.0,4,1,348.8,348.8,348.8,0,1.0
13791.0,128,2,1516.0,758.0,1516.0,40,0.04878048780487805
13792.0,66,2,195.55,97.775,195.55,221,0.009009009009009009
13798.0,1,57,37153.85,651.8219298245614,37153.85,370,0.15363881401617252
13799.0,117,2,688.86,344.43,688.86,177,0.011235955056179775
13800.0,310,1,558.32,558.32,558.32,0,1.0
13801.0,67,1,324.8,324.8,324.8,0,1.0
13802.0,139,3,4599.42,1533.14,4599.42,172,0.017341040462427744
13803.0,255,1,277.07,277.07,277.07,0,1.0
13804.0,31,7,2588.39,369.77,2588.39,259,0.026923076923076925
13805.0,52,2,924.6,462.3,924.6,76,0.025974025974025976
13806.0,64,1,256.38,256.38,256.38,0,1.0
13807.0,367,1,112.6,112.6,112.6,0,1.0
13808.0,6,5,1747.66,349.53200000000004,1747.66,91,0.05434782608695652
13809.0,305,1,155.05,155.05,155.05,0,1.0
13810.0,29,3,1499.01,499.67,1499.01,27,0.10714285714285714
13811.0,184,3,814.5,271.5,814.5,55,0.05357142857142857
13812.0,42,3,539.0,179.66666666666666,539.0,63,0.046875
13813.0,40,4,1366.8600000000001,341.71500000000003,1366.8600000000001,95,0.041666666666666664
13814.0,92,2,1579.12,789.56,1579.12,44,0.044444444444444446
13815.0,22,4,4027.36,1006.84,4027.36,296,0.013468013468013467
13816.0,24,2,571.6700000000001,285.83500000000004,571.6700000000001,40,0.04878048780487805
13817.0,29,2,382.98,191.49,382.98,322,0.006191950464396285
13819.0,302,3,1140.35,380.1166666666666,1140.35,18,0.15789473684210525
13821.0,145,2,385.64,192.82,385.64,116,0.017094017094017096
13822.0,6,2,632.0,316.0,632.0,34,0.05714285714285714
13823.0,19,2,957.66,478.83,957.66,72,0.0273972602739726
13824.0,33,5,1698.94,339.788,1698.94,277,0.017985611510791366
13826.0,176,1,189.5,189.5,189.5,0,1.0
13827.0,58,3,409.8,136.6,409.8,85,0.03488372093023256
13828.0,22,1,209.49,209.49,209.49,0,1.0
13831.0,16,6,2198.45,366.4083333333333,2198.45,353,0.01694915254237288
13832.0,19,1,52.199999999999996,52.199999999999996,52.199999999999996,0,1.0
13833.0,159,1,383.85,383.85,383.85,0,1.0
13835.0,25,4,834.57,208.6425,834.57,190,0.020942408376963352
13837.0,212,2,266.59000000000003,133.29500000000002,266.59000000000003,105,0.018867924528301886
13838.0,6,4,674.82,168.705,674.82,364,0.010958904109589041
13841.0,253,1,85.0,85.0,85.0,0,1.0
13842.0,59,9,3385.62,376.18,3385.62,308,0.02912621359223301
13844.0,11,1,361.62,361.62,361.62,0,1.0
13845.0,65,1,312.98,312.98,312.98,0,1.0
13846.0,25,3,865.0600000000001,288.35333333333335,865.0600000000001,335,0.008928571428571428
13848.0,92,3,1255.0,418.3333333333333,1255.0,273,0.010948905109489052
13849.0,52,2,1537.95,768.975,1537.95,119,0.016666666666666666
13850.0,129,1,1595.48,1595.48,1595.48,0,1.0
13851.0,96,3,2651.46,883.82,2651.46,192,0.015544041450777202
13853.0,57,1,1090.14,1090.14,1090.14,0,1.0
13854.0,9,25,8109.5199999999995,324.38079999999997,8109.5199999999995,356,0.0700280112044818
13856.0,169,3,388.5,129.5,388.5,34,0.08571428571428572
13858.0,57,1,216.17,216.17,216.17,0,1.0
13859.0,326,1,201.16,201.16,201.16,0,1.0
13860.0,1,5,1245.9,249.18,1245.9,85,0.05813953488372093
13862.0,18,8,2209.36,276.17,2209.36,314,0.025396825396825397
13863.0,248,1,305.78,305.78,305.78,0,1.0
13865.0,58,4,501.56,125.39,501.56,231,0.017241379310344827
13866.0,74,1,145.67000000000002,145.67000000000002,145.67000000000002,0,1.0
13867.0,31,3,1005.09,335.03000000000003,1005.09,186,0.016042780748663103
13868.0,7,2,3192.54,1596.27,3192.54,31,0.0625
13869.0,123,4,3083.65,770.9125,3083.65,233,0.017094017094017096
13870.0,2,8,2770.94,346.3675,2770.94,285,0.027972027972027972
13871.0,23,13,6403.25,492.5576923076923,6403.25,286,0.04529616724738676
13873.0,120,3,389.6,129.86666666666667,389.6,190,0.015706806282722512
13874.0,358,1,540.45,540.45,540.45,0,1.0
13875.0,54,5,1786.79,357.358,1786.79,247,0.020161290322580645
13876.0,64,1,122.7,122.7,122.7,0,1.0
13877.0,86,1,117.24,117.24,117.24,0,1.0
13878.0,55,1,1271.57,1271.57,1271.57,0,1.0
13880.0,21,13,3219.77,247.67461538461538,3219.77,345,0.03757225433526012
13881.0,4,20,17159.52,857.976,17159.52,308,0.06472491909385113
13882.0,3,5,1191.13,238.22600000000003,1191.13,61,0.08064516129032258
13883.0,11,5,2674.48,534.896,2674.48,242,0.0205761316872428
13884.0,7,5,787.6,157.52,787.6,276,0.018050541516245487
13885.0,189,2,506.8,253.4,506.8,11,0.16666666666666666
13886.0,71,1,243.56,243.56,243.56,0,1.0
13887.0,204,1,349.55,349.55,349.55,0,1.0
13888.0,120,2,595.67,297.835,595.67,98,0.020202020202020204
13889.0,93,1,416.90000000000003,416.90000000000003,416.90000000000003,0,1.0
13890.0,1,10,1883.8100000000002,188.38100000000003,1883.8100000000002,357,0.027932960893854747
13892.0,27,4,632.97,158.2425,632.97,219,0.01818181818181818
13893.0,298,1,821.1,821.1,821.1,0,1.0
13894.0,24,3,564.62,188.20666666666668,564.62,286,0.010452961672473868
13895.0,28,4,2593.07,648.2675,2593.07,136,0.029197080291970802
13897.0,50,1,311.16,311.16,311.16,0,1.0
13898.0,326,1,155.93,155.93,155.93,0,1.0
13899.0,16,2,388.52,194.26,388.52,258,0.007722007722007722
13900.0,183,3,740.95,246.98333333333335,740.95,79,0.0375
13901.0,72,5,2867.2,573.4399999999999,2867.2,246,0.020242914979757085
13904.0,37,2,332.64,166.32,332.64,257,0.007751937984496124
13908.0,80,4,2369.55,592.3875,2369.55,196,0.02030456852791878
13911.0,57,9,2580.91,286.7677777777778,2580.91,251,0.03571428571428571
13914.0,12,2,626.45,313.225,626.45,24,0.08
13917.0,50,2,272.04,136.02,272.04,141,0.014084507042253521
13918.0,50,2,1212.8400000000001,606.4200000000001,1212.8400000000001,203,0.00980392156862745
13919.0,59,2,384.81,192.405,384.81,62,0.031746031746031744
13922.0,352,1,172.25,172.25,172.25,0,1.0
13923.0,54,1,351.13,351.13,351.13,0,1.0
13924.0,2,6,1838.8500000000001,306.475,1838.8500000000001,70,0.08450704225352113
13925.0,93,4,678.25,169.5625,678.25,42,0.09302325581395349
13926.0,23,1,223.85000000000002,223.85000000000002,223.85000000000002,0,1.0
13927.0,75,1,348.99,348.99,348.99,0,1.0
13928.0,11,4,464.57,116.1425,464.57,122,0.032520325203252036
13929.0,169,2,842.65,421.325,842.65,157,0.012658227848101266
13930.0,58,2,337.34,168.67,337.34,78,0.02531645569620253
13931.0,96,2,1237.53,618.765,1237.53,185,0.010752688172043012
13932.0,295,1,307.4,307.4,307.4,0,1.0
13933.0,109,2,608.7900000000001,304.39500000000004,608.7900000000001,39,0.05
13934.0,264,1,922.1,922.1,922.1,0,1.0
13936.0,180,1,376.58,376.58,376.58,0,1.0
13937.0,169,1,158.85,158.85,158.85,0,1.0
13938.0,35,1,71.66,71.66,71.66,0,1.0
13939.0,23,3,568.55,189.51666666666665,568.55,288,0.010380622837370242
13940.0,17,4,839.14,209.785,839.14,126,0.031496062992125984
13941.0,22,5,5112.96,1022.592,5112.96,350,0.014245014245014245
13946.0,79,3,561.5699999999999,187.18999999999997,561.5699999999999,188,0.015873015873015872
13947.0,65,1,90.6,90.6,90.6,0,1.0
13948.0,361,1,102.0,102.0,102.0,0,1.0
13949.0,3,6,2427.32,404.55333333333334,2427.32,91,0.06521739130434782
13950.0,11,4,745.06,186.265,745.06,235,0.01694915254237288
13951.0,176,3,674.45,224.8166666666667,674.45,118,0.025210084033613446
13952.0,218,2,3251.071,1625.5355,3251.071,20,0.09523809523809523
13953.0,7,7,3515.68,502.23999999999995,3515.68,345,0.02023121387283237
13954.0,2,2,439.92,219.96,439.92,69,0.02857142857142857
13955.0,154,2,322.96,161.48,322.96,151,0.013157894736842105
13956.0,5,5,1019.27,203.85399999999998,1019.27,266,0.018726591760299626
13959.0,79,3,594.04,198.01333333333332,594.04,283,0.01056338028169014
13960.0,21,2,230.22,115.11,230.22,50,0.0392156862745098
13962.0,22,2,169.55,84.775,169.55,223,0.008928571428571428
13963.0,308,4,664.54,166.135,664.54,59,0.06666666666666667
13967.0,146,1,80.7,80.7,80.7,0,1.0
13969.0,7,18,9024.17,501.34277777777777,9024.17,357,0.05027932960893855
13971.0,19,8,2758.26,344.7825,2758.26,266,0.0299625468164794
13972.0,71,2,190.25,95.125,190.25,131,0.015151515151515152
13973.0,287,1,264.7,264.7,264.7,0,1.0
13974.0,49,1,413.59000000000003,413.59000000000003,413.59000000000003,0,1.0
13975.0,31,6,2461.2400000000002,410.2066666666667,2461.2400000000002,245,0.024390243902439025
13976.0,207,1,357.98,357.98,357.98,0,1.0
13978.0,15,2,196.79000000000002,98.39500000000001,196.79000000000002,30,0.06451612903225806
13979.0,73,1,869.87,869.87,869.87,0,1.0
13980.0,60,1,200.14,200.14,200.14,0,1.0
13982.0,39,4,1871.81,467.9525,1871.81,326,0.012232415902140673
13983.0,30,12,2603.43,216.9525,2603.43,337,0.03550295857988166
13984.0,27,5,920.51,184.102,920.51,339,0.014705882352941176
13985.0,4,15,7060.13,470.67533333333336,7060.13,260,0.05747126436781609
13986.0,17,1,320.46,320.46,320.46,0,1.0
13988.0,20,6,4147.96,691.3266666666667,4147.96,234,0.02553191489361702
13989.0,66,2,1266.08,633.04,1266.08,173,0.011494252873563218
13990.0,213,1,311.3,311.3,311.3,0,1.0
13991.0,12,6,852.88,142.14666666666668,852.88,131,0.045454545454545456
13992.0,30,1,76.8,76.8,76.8,0,1.0
13993.0,43,9,3466.36,385.1511111111111,3466.36,287,0.03125
13994.0,4,6,2274.14,379.0233333333333,2274.14,144,0.041379310344827586
13995.0,15,5,1393.69,278.738,1393.69,230,0.021645021645021644
13999.0,10,12,3901.81,325.1508333333333,3901.81,351,0.03409090909090909
14000.0,211,1,635.66,635.66,635.66,0,1.0
14001.0,46,3,2043.0800000000002,681.0266666666668,2043.0800000000002,327,0.009146341463414634
14002.0,134,2,529.73,264.865,529.73,22,0.08695652173913043
14004.0,43,7,4582.64,654.6628571428572,4582.64,245,0.028455284552845527
14005.0,10,5,2874.72,574.944,2874.72,206,0.024154589371980676
14006.0,116,3,962.19,320.73,962.19,196,0.015228426395939087
14009.0,198,2,695.61,347.805,695.61,7,0.25
14012.0,278,1,328.8,328.8,328.8,0,1.0
14013.0,110,3,473.02,157.67333333333332,473.02,165,0.018072289156626505
14014.0,77,1,505.18,505.18,505.18,0,1.0
14015.0,53,1,917.34,917.34,917.34,0,1.0
14016.0,162,4,4341.21,1085.3025,4341.21,195,0.02040816326530612
14019.0,47,3,1421.61,473.86999999999995,1421.61,91,0.03260869565217391
14020.0,17,2,642.8,321.4,642.8,71,0.027777777777777776
14021.0,155,3,631.9,210.63333333333333,631.9,101,0.029411764705882353
14022.0,225,1,440.0,440.0,440.0,0,1.0
14023.0,7,2,584.07,292.035,584.07,242,0.00823045267489712
14024.0,122,2,327.7,163.85,327.7,2,0.6666666666666666
14027.0,61,1,104.82,104.82,104.82,0,1.0
14029.0,63,2,467.66,233.83,467.66,80,0.024691358024691357
14030.0,18,8,2358.84,294.855,2358.84,348,0.022922636103151862
14031.0,7,19,17286.86,909.8347368421053,17286.86,365,0.05191256830601093
14032.0,2,11,2975.59,270.5081818181818,2975.59,364,0.030136986301369864
14034.0,22,3,648.89,216.29666666666665,648.89,135,0.022058823529411766
14035.0,29,5,1428.02,285.604,1428.02,268,0.01858736059479554
14036.0,285,1,626.65,626.65,626.65,0,1.0
14037.0,176,2,147.20000000000002,73.60000000000001,147.20000000000002,188,0.010582010582010581
14038.0,78,3,1560.38,520.1266666666667,1560.38,128,0.023255813953488372
14039.0,33,1,152.2,152.2,152.2,0,1.0
14040.0,41,12,3560.32,296.6933333333333,3560.32,290,0.041237113402061855
14041.0,266,1,141.41,141.41,141.41,0,1.0
14044.0,27,4,646.42,161.605,646.42,283,0.014084507042253521
14045.0,109,4,1659.75,414.9375,1659.75,264,0.01509433962264151
14046.0,284,1,154.99,154.99,154.99,0,1.0
14047.0,9,5,1308.6100000000001,261.72200000000004,1308.6100000000001,364,0.0136986301369863
14048.0,305,1,409.93,409.93,409.93,0,1.0
14049.0,17,4,5578.72,1394.68,5578.72,301,0.013245033112582781
14050.0,32,2,746.36,373.18,746.36,74,0.02666666666666667
14051.0,1,23,15610.390000000001,678.7126086956522,15610.390000000001,365,0.06284153005464481
14052.0,20,1,225.36,225.36,225.36,0,1.0
14053.0,124,2,260.25,130.125,260.25,35,0.05555555555555555
14054.0,65,1,92.46,92.46,92.46,0,1.0
14055.0,106,1,725.6400000000001,725.6400000000001,725.6400000000001,0,1.0
14056.0,1,23,8152.71,354.46565217391304,8152.71,282,0.0812720848056537
14057.0,24,17,6211.66,365.39176470588234,6211.66,336,0.050445103857566766
14059.0,267,1,183.6,183.6,183.6,0,1.0
14060.0,5,19,6140.42,323.18,6140.42,368,0.051490514905149054
14062.0,10,12,10464.85,872.0708333333333,10464.85,354,0.03380281690140845
14064.0,29,5,1334.34,266.868,1334.34,245,0.02032520325203252
14066.0,267,1,152.55,152.55,152.55,0,1.0
14067.0,64,2,374.7,187.35,374.7,32,0.06060606060606061
14068.0,320,1,265.85,265.85,265.85,0,1.0
14071.0,4,8,1437.57,179.69625,1437.57,261,0.030534351145038167
14073.0,32,1,151.04,151.04,151.04,0,1.0
14075.0,5,3,942.26,314.08666666666664,942.26,256,0.011673151750972763
14076.0,129,1,118.67,118.67,118.67,0,1.0
14077.0,41,5,499.41999999999996,99.88399999999999,499.41999999999996,233,0.021367521367521368
14078.0,102,6,1049.37,174.89499999999998,1049.37,271,0.022058823529411766
14079.0,125,1,375.1,375.1,375.1,0,1.0
14080.0,33,1,45.599999999999994,45.599999999999994,45.599999999999994,0,1.0
14081.0,302,2,921.62,460.81,921.62,67,0.029411764705882353
14082.0,365,1,182.25,182.25,182.25,0,1.0
14083.0,4,9,1002.9,111.43333333333334,1002.9,367,0.024456521739130436
14085.0,2,18,4421.29,245.62722222222223,4421.29,366,0.04904632152588556
14087.0,3,1,191.47,191.47,191.47,0,1.0
14088.0,10,13,50491.81,3883.9853846153846,50491.81,312,0.04153354632587859
14089.0,57,1,158.75,158.75,158.75,0,1.0
14090.0,325,1,76.32000000000001,76.32000000000001,76.32000000000001,0,1.0
14092.0,8,14,4076.91,291.2078571428571,4076.91,350,0.039886039886039885
14093.0,12,1,433.86,433.86,433.86,0,1.0
14096.0,4,17,65164.79,3833.2229411764706,65164.79,97,0.17346938775510204
14098.0,37,1,147.35,147.35,147.35,0,1.0
14099.0,16,11,3104.17,282.1972727272727,3104.17,338,0.032448377581120944
14100.0,138,1,191.95000000000002,191.95000000000002,191.95000000000002,0,1.0
14101.0,74,6,5976.79,996.1316666666667,5976.79,252,0.023715415019762844
14102.0,5,5,1105.8799999999999,221.176,1105.8799999999999,39,0.125
14104.0,155,2,216.20999999999998,108.10499999999999,216.20999999999998,11,0.16666666666666666
14105.0,239,1,1266.23,1266.23,1266.23,0,1.0
14107.0,52,7,2703.23,386.17571428571426,2703.23,312,0.022364217252396165
14108.0,31,2,597.91,298.955,597.91,70,0.028169014084507043
14109.0,73,1,144.2,144.2,144.2,0,1.0
14110.0,4,12,5683.15,473.5958333333333,5683.15,263,0.045454545454545456
14111.0,14,4,692.85,173.2125,692.85,227,0.017543859649122806
14112.0,23,7,2915.15,416.45,2915.15,253,0.027559055118110236
14113.0,4,4,1840.42,460.105,1840.42,351,0.011363636363636364
14114.0,274,2,386.53,193.265,386.53,56,0.03508771929824561
14116.0,20,5,1382.74,276.548,1382.74,101,0.049019607843137254
14117.0,144,1,90.0,90.0,90.0,0,1.0
14121.0,4,4,2780.15,695.0375,2780.15,56,0.07017543859649122
14124.0,84,1,419.58000000000004,419.58000000000004,419.58000000000004,0,1.0
14125.0,11,3,2720.63,906.8766666666667,2720.63,67,0.04411764705882353
14126.0,8,3,706.1300000000001,235.3766666666667,706.1300000000001,2,1.0
14127.0,123,3,709.71,236.57000000000002,709.71,187,0.015957446808510637
14128.0,61,2,637.5,318.75,637.5,195,0.01020408163265306
14129.0,2,5,1123.8600000000001,224.77200000000002,1123.8600000000001,259,0.019230769230769232
14130.0,319,1,480.91,480.91,480.91,0,1.0
14132.0,2,11,3586.0299999999997,326.00272727272727,3586.0299999999997,181,0.06043956043956044
14133.0,130,3,605.64,201.88,605.64,186,0.016042780748663103
14135.0,2,15,4690.31,312.68733333333336,4690.31,371,0.04032258064516129
14138.0,2,2,965.8800000000001,482.94000000000005,965.8800000000001,62,0.031746031746031744
14139.0,46,1,415.82,415.82,415.82,0,1.0
14140.0,4,2,935.05,467.525,935.05,27,0.07142857142857142
14141.0,3,4,915.13,228.7825,915.13,102,0.038834951456310676
14142.0,373,1,311.81,311.81,311.81,0,1.0
14143.0,134,1,115.8,115.8,115.8,0,1.0
14145.0,47,4,3742.2,935.55,3742.2,170,0.023391812865497075
14146.0,9,5,4191.0,838.2,4191.0,348,0.014326647564469915
14147.0,78,2,483.4,241.7,483.4,207,0.009615384615384616
14148.0,234,1,157.2,157.2,157.2,0,1.0
14149.0,221,1,446.62,446.62,446.62,0,1.0
14150.0,36,2,658.64,329.32,658.64,324,0.006153846153846154
14152.0,75,2,621.29,310.645,621.29,158,0.012578616352201259
14154.0,239,2,1345.62,672.81,1345.62,0,2.0
14155.0,266,1,118.75,118.75,118.75,0,1.0
14156.0,10,55,117210.08,2131.0923636363636,117210.08,361,0.15193370165745856
14157.0,20,2,424.89000000000004,212.44500000000002,424.89000000000004,265,0.007518796992481203
14158.0,40,1,507.66,507.66,507.66,0,1.0
14159.0,20,11,4630.35,420.94090909090914,4630.35,343,0.03197674418604651
14161.0,216,3,1097.6200000000001,365.8733333333334,1097.6200000000001,153,0.01948051948051948
14162.0,174,2,289.36,144.68,289.36,118,0.01680672268907563
14163.0,87,4,2445.91,611.4775,2445.91,151,0.02631578947368421
14164.0,71,2,1631.77,815.885,1631.77,10,0.18181818181818182
14165.0,276,1,120.44,120.44,120.44,0,1.0
14167.0,39,4,562.59,140.6475,562.59,291,0.0136986301369863
14171.0,98,1,363.79,363.79,363.79,0,1.0
14173.0,11,4,450.84,112.71,450.84,208,0.019138755980861243
14174.0,33,1,134.46,134.46,134.46,0,1.0
14175.0,60,3,3222.3,1074.1000000000001,3222.3,269,0.011111111111111112
14176.0,297,4,576.9000000000001,144.22500000000002,576.9000000000001,70,0.056338028169014086
14177.0,86,4,549.46,137.365,549.46,93,0.0425531914893617
14178.0,9,7,1600.26,228.60857142857142,1600.26,173,0.040229885057471264
14179.0,41,2,701.57,350.785,701.57,11,0.16666666666666666
14180.0,11,25,4748.52,189.94080000000002,4748.52,361,0.06906077348066299
14184.0,67,1,452.89,452.89,452.89,0,1.0
14185.0,331,1,197.65,197.65,197.65,0,1.0
14188.0,31,6,2054.36,342.3933333333334,2054.36,279,0.02142857142857143
14189.0,2,15,4654.08,310.272,4654.08,366,0.04087193460490463
14191.0,2,13,4684.76,360.36615384615385,4684.76,218,0.0593607305936073
14193.0,68,2,853.39,426.695,853.39,201,0.009900990099009901
14194.0,5,21,11349.52,540.4533333333334,11349.52,303,0.06907894736842106
14195.0,202,2,1012.0,506.0,1012.0,50,0.0392156862745098
14196.0,107,1,335.52,335.52,335.52,0,1.0
14198.0,18,4,701.4,175.35,701.4,221,0.018018018018018018
14199.0,218,1,185.39999999999998,185.39999999999998,185.39999999999998,0,1.0
14201.0,60,7,747.44,106.77714285714286,747.44,299,0.023333333333333334
14204.0,2,1,150.61,150.61,150.61,0,1.0
14205.0,17,2,466.7,233.35,466.7,247,0.008064516129032258
14206.0,239,1,328.15999999999997,328.15999999999997,328.15999999999997,0,1.0
14208.0,95,1,151.74,151.74,151.74,0,1.0
14209.0,11,6,2073.43,345.57166666666666,2073.43,321,0.018633540372670808
14210.0,106,6,1905.8400000000001,317.64000000000004,1905.8400000000001,265,0.022556390977443608
14211.0,53,9,2241.1,249.0111111111111,2241.1,241,0.0371900826446281
14212.0,90,1,1070.48,1070.48,1070.48,0,1.0
14214.0,31,5,1004.38,200.876,1004.38,246,0.020242914979757085
14215.0,12,6,1789.72,298.2866666666667,1789.72,356,0.01680672268907563
14216.0,3,4,1839.3,459.825,1839.3,34,0.11428571428571428
14217.0,2,17,2004.98,117.94,2004.98,364,0.04657534246575343
14218.0,43,1,169.48000000000002,169.48000000000002,169.48000000000002,0,1.0
14219.0,4,1,89.94,89.94,89.94,0,1.0
14220.0,247,2,632.4,316.2,632.4,110,0.018018018018018018
14221.0,42,9,3432.8,381.4222222222222,3432.8,296,0.030303030303030304
14222.0,177,1,683.17,683.17,683.17,0,1.0
14223.0,92,3,991.13,330.37666666666667,991.13,171,0.01744186046511628
14224.0,110,4,1009.73,252.4325,1009.73,209,0.01904761904761905
14226.0,29,5,2214.79,442.95799999999997,2214.79,240,0.02074688796680498
14227.0,26,10,3350.96,335.096,3350.96,258,0.03861003861003861
14229.0,52,3,1547.2,515.7333333333333,1547.2,281,0.010638297872340425
14231.0,184,3,925.71,308.57,925.71,104,0.02857142857142857
14232.0,43,5,2048.07,409.61400000000003,2048.07,221,0.02252252252252252
14233.0,49,4,1462.72,365.68,1462.72,268,0.01486988847583643
14234.0,22,4,754.12,188.53,754.12,35,0.1111111111111111
14235.0,75,5,3144.86,628.972,3144.86,185,0.026881720430107527
14236.0,81,2,490.86,245.43,490.86,291,0.00684931506849315
14237.0,373,1,161.0,161.0,161.0,0,1.0
14238.0,326,1,146.85,146.85,146.85,0,1.0
14239.0,43,11,2380.85,216.4409090909091,2380.85,272,0.040293040293040296
14240.0,30,2,890.34,445.17,890.34,195,0.01020408163265306
14241.0,184,1,213.70000000000002,213.70000000000002,213.70000000000002,0,1.0
14242.0,235,2,280.55,140.275,280.55,91,0.021739130434782608
14243.0,9,10,2588.77,258.877,2588.77,357,0.027932960893854747
14245.0,220,2,1693.45,846.725,1693.45,43,0.045454545454545456
14246.0,111,3,1474.06,491.3533333333333,1474.06,135,0.022058823529411766
14247.0,278,1,136.76999999999998,136.76999999999998,136.76999999999998,0,1.0
14248.0,318,1,302.58,302.58,302.58,0,1.0
14250.0,7,3,1904.05,634.6833333333333,1904.05,82,0.03614457831325301
14251.0,2,5,2879.7000000000003,575.94,2879.7000000000003,55,0.08928571428571429
14256.0,260,2,969.0600000000001,484.53000000000003,969.0600000000001,104,0.01904761904761905
14257.0,64,5,3099.7200000000003,619.9440000000001,3099.7200000000003,254,0.0196078431372549
14258.0,9,9,12669.98,1407.7755555555555,12669.98,328,0.02735562310030395
14259.0,142,1,120.0,120.0,120.0,0,1.0
14261.0,51,2,1163.45,581.725,1163.45,27,0.07142857142857142
14262.0,8,8,2618.23,327.27875,2618.23,232,0.034334763948497854
14264.0,155,2,333.97,166.985,333.97,90,0.02197802197802198
14265.0,109,2,530.18,265.09,530.18,39,0.05
14267.0,163,3,1516.24,505.41333333333336,1516.24,97,0.030612244897959183
14270.0,332,1,492.65000000000003,492.65000000000003,492.65000000000003,0,1.0
14271.0,226,1,112.32,112.32,112.32,0,1.0
14272.0,74,2,437.96,218.98,437.96,180,0.011049723756906077
14273.0,51,4,559.97,139.9925,559.97,190,0.020942408376963352
14276.0,99,3,1119.74,373.24666666666667,1119.74,191,0.015625
14277.0,15,3,4188.0,1396.0,4188.0,197,0.015151515151515152
14280.0,197,1,134.04,134.04,134.04,0,1.0
14282.0,3,15,3701.44,246.76266666666666,3701.44,364,0.0410958904109589
14284.0,31,2,595.25,297.625,595.25,55,0.03571428571428571
14285.0,21,4,1910.01,477.5025,1910.01,155,0.02564102564102564
14286.0,24,3,4628.75,1542.9166666666667,4628.75,219,0.013636363636363636
14287.0,8,3,176.63,58.876666666666665,176.63,190,0.015706806282722512
14288.0,213,1,426.6,426.6,426.6,0,1.0
14289.0,9,6,911.26,151.87666666666667,911.26,280,0.021352313167259787
14290.0,11,5,2314.65,462.93,2314.65,350,0.014245014245014245
14291.0,2,11,3883.25,353.02272727272725,3883.25,273,0.040145985401459854
14292.0,8,9,4871.93,541.3255555555556,4871.93,275,0.03260869565217391
14293.0,3,4,1046.56,261.64,1046.56,365,0.01092896174863388
14295.0,40,1,166.20000000000002,166.20000000000002,166.20000000000002,0,1.0
14297.0,18,4,1305.33,326.3325,1305.33,257,0.015503875968992248
14298.0,8,44,51527.3,1171.075,51527.3,352,0.12464589235127478
14299.0,8,9,3965.62,440.6244444444444,3965.62,357,0.025139664804469275
14300.0,19,1,43.2,43.2,43.2,0,1.0
14301.0,117,1,640.14,640.14,640.14,0,1.0
14304.0,223,1,383.45,383.45,383.45,0,1.0
14305.0,71,3,1858.96,619.6533333333333,1858.96,64,0.046153846153846156
14306.0,51,2,2093.32,1046.66,2093.32,34,0.05714285714285714
14307.0,89,6,2995.72,499.28666666666663,2995.72,284,0.021052631578947368
14309.0,8,9,2352.53,261.39222222222224,2352.53,350,0.02564102564102564
14311.0,243,1,310.26,310.26,310.26,0,1.0
14312.0,47,6,1611.59,268.5983333333333,1611.59,290,0.020618556701030927
14314.0,107,1,120.0,120.0,120.0,0,1.0
14315.0,45,6,2481.13,413.5216666666667,2481.13,221,0.02702702702702703
14317.0,65,1,508.58000000000004,508.58000000000004,508.58000000000004,0,1.0
14320.0,207,2,477.79,238.895,477.79,126,0.015748031496062992
14321.0,11,5,1530.75,306.15,1530.75,322,0.015479876160990712
14323.0,115,2,605.0600000000001,302.53000000000003,605.0600000000001,123,0.016129032258064516
14326.0,242,1,183.85,183.85,183.85,0,1.0
14327.0,163,1,311.65,311.65,311.65,0,1.0
14329.0,17,7,4975.24,710.7485714285714,4975.24,312,0.022364217252396165
14331.0,124,2,462.65999999999997,231.32999999999998,462.65999999999997,10,0.18181818181818182
14332.0,23,3,840.21,280.07,840.21,125,0.023809523809523808
14333.0,68,1,415.2,415.2,415.2,0,1.0
14334.0,17,8,2552.21,319.02625,2552.21,341,0.023391812865497075
14335.0,16,2,454.86,227.43,454.86,80,0.024691358024691357
14336.0,17,4,1614.91,403.7275,1614.91,259,0.015384615384615385
14338.0,161,2,588.22,294.11,588.22,35,0.05555555555555555
14339.0,243,1,309.52,309.52,309.52,0,1.0
14340.0,219,1,134.7,134.7,134.7,0,1.0
14341.0,45,8,2166.98,270.8725,2166.98,273,0.029197080291970802
14342.0,21,4,668.5600000000001,167.14000000000001,668.5600000000001,188,0.021164021164021163
14344.0,127,8,889.9300000000001,111.24125000000001,889.9300000000001,241,0.03305785123966942
14345.0,39,1,108.97999999999999,108.97999999999999,108.97999999999999,0,1.0
14346.0,121,2,1021.58,510.79,1021.58,176,0.011299435028248588
14348.0,260,1,409.57,409.57,409.57,0,1.0
14349.0,10,1,133.5,133.5,133.5,0,1.0
14350.0,274,1,282.93,282.93,282.93,0,1.0
14351.0,165,1,51.0,51.0,51.0,0,1.0
14352.0,157,4,1078.96,269.74,1078.96,116,0.03418803418803419
14353.0,215,1,90.6,90.6,90.6,0,1.0
14354.0,6,2,163.62,81.81,163.62,24,0.08
14355.0,366,1,174.4,174.4,174.4,0,1.0
14356.0,80,2,701.23,350.615,701.23,1,1.0
14357.0,43,1,225.12,225.12,225.12,0,1.0
14359.0,19,3,912.18,304.06,912.18,68,0.043478260869565216
14360.0,32,4,2118.03,529.5075,2118.03,62,0.06349206349206349
14362.0,22,1,151.5,151.5,151.5,0,1.0
14364.0,109,8,3717.35,464.66875,3717.35,102,0.07766990291262135
14367.0,8,16,9227.82,576.73875,9227.82,267,0.05970149253731343
14368.0,320,1,155.0,155.0,155.0,0,1.0
14371.0,295,1,100.5,100.5,100.5,0,1.0
14373.0,358,1,76.55,76.55,76.55,0,1.0
14375.0,185,1,235.56,235.56,235.56,0,1.0
14377.0,191,2,617.05,308.525,617.05,70,0.028169014084507043
14379.0,44,2,348.1,174.05,348.1,251,0.007936507936507936
14381.0,52,1,202.68,202.68,202.68,0,1.0
14382.0,26,1,615.49,615.49,615.49,0,1.0
14383.0,38,3,1247.69,415.8966666666667,1247.69,125,0.023809523809523808
14385.0,9,3,202.11,67.37,202.11,14,0.2
14386.0,297,1,142.4,142.4,142.4,0,1.0
14387.0,33,3,1727.6,575.8666666666667,1727.6,76,0.03896103896103896
14388.0,10,8,3212.84,401.605,3212.84,362,0.02203856749311295
14389.0,65,2,1043.46,521.73,1043.46,125,0.015873015873015872
14390.0,10,9,4642.57,515.8411111111111,4642.57,362,0.024793388429752067
14393.0,218,1,67.95,67.95,67.95,0,1.0
14395.0,2,9,3479.91,386.65666666666664,3479.91,369,0.024324324324324326
14396.0,65,2,487.99,243.995,487.99,306,0.006514657980456026
14397.0,3,19,2612.96,137.52421052631578,2612.96,210,0.09004739336492891
14400.0,149,1,574.7,574.7,574.7,0,1.0
14401.0,4,13,4051.48,311.6523076923077,4051.48,355,0.03651685393258427
14403.0,130,4,1475.81,368.9525,1475.81,116,0.03418803418803419
14404.0,34,6,1449.32,241.5533333333333,1449.32,335,0.017857142857142856
14406.0,119,1,156.75,156.75,156.75,0,1.0
14407.0,107,6,2157.73,359.62166666666667,2157.73,169,0.03529411764705882
14408.0,11,7,2599.03,371.29,2599.03,253,0.027559055118110236
14409.0,71,6,2059.4500000000003,343.24166666666673,2059.4500000000003,297,0.020134228187919462
14410.0,92,9,1100.27,122.25222222222222,1100.27,213,0.04205607476635514
14411.0,311,1,1063.0,1063.0,1063.0,0,1.0
14412.0,43,2,770.03,385.015,770.03,30,0.06451612903225806
14413.0,362,1,121.05,121.05,121.05,0,1.0
14414.0,92,7,1496.98,213.8542857142857,1496.98,267,0.026119402985074626
14415.0,1,13,5855.57,450.42846153846153,5855.57,359,0.03611111111111111
14416.0,22,2,490.22,245.11,490.22,20,0.09523809523809523
14418.0,4,3,1937.25,645.75,1937.25,104,0.02857142857142857
14419.0,11,6,1051.79,175.29833333333332,1051.79,354,0.016901408450704224
14420.0,99,1,387.52,387.52,387.52,0,1.0
14421.0,57,2,813.11,406.555,813.11,154,0.012903225806451613
14422.0,1,6,4263.64,710.6066666666667,4263.64,266,0.02247191011235955
14423.0,218,1,265.2,265.2,265.2,0,1.0
14424.0,18,1,322.08,322.08,322.08,0,1.0
14426.0,24,10,4481.67,448.16700000000003,4481.67,289,0.034482758620689655
14427.0,50,2,363.34000000000003,181.67000000000002,363.34000000000003,13,0.14285714285714285
14428.0,7,5,1224.06,244.81199999999998,1224.06,317,0.015723270440251572
14431.0,303,1,470.36,470.36,470.36,0,1.0
14432.0,10,6,2248.5,374.75,2248.5,79,0.075
14434.0,22,6,1372.8,228.79999999999998,1372.8,50,0.11764705882352941
14436.0,99,1,89.06,89.06,89.06,0,1.0
14437.0,366,1,63.0,63.0,63.0,0,1.0
14438.0,306,1,131.9,131.9,131.9,0,1.0
14439.0,320,1,2661.24,2661.24,2661.24,0,1.0
14440.0,8,5,2357.6800000000003,471.53600000000006,2357.6800000000003,357,0.013966480446927373
14441.0,1,4,1712.89,428.2225,1712.89,254,0.01568627450980392
14442.0,205,2,1589.82,794.91,1589.82,112,0.017699115044247787
14443.0,54,4,1420.2,355.05,1420.2,314,0.012698412698412698
14446.0,1,4,1010.35,252.5875,1010.35,245,0.016260162601626018
14447.0,19,5,1163.23,232.64600000000002,1163.23,261,0.019083969465648856
14448.0,9,2,375.35,187.675,375.35,354,0.005633802816901409
14449.0,19,4,885.8,221.45,885.8,353,0.011299435028248588
14450.0,181,3,483.25,161.08333333333334,483.25,139,0.02142857142857143
14451.0,60,2,643.9,321.95,643.9,134,0.014814814814814815
14452.0,11,2,259.05,129.525,259.05,83,0.023809523809523808
14453.0,190,1,119.93,119.93,119.93,0,1.0
14456.0,5,9,3017.28,335.25333333333333,3017.28,137,0.06521739130434782
14457.0,311,1,113.64,113.64,113.64,0,1.0
14459.0,155,1,1837.92,1837.92,1837.92,0,1.0
14460.0,110,3,434.34,144.78,434.34,200,0.014925373134328358
14461.0,148,3,2103.06,701.02,2103.06,113,0.02631578947368421
14462.0,66,11,1980.57,180.05181818181816,1980.57,273,0.040145985401459854
14463.0,98,3,529.62,176.54,529.62,107,0.027777777777777776
14465.0,247,3,1038.44,346.1466666666667,1038.44,56,0.05263157894736842
14466.0,29,7,2272.4,324.62857142857143,2272.4,343,0.020348837209302327
14467.0,18,4,596.26,149.065,596.26,295,0.013513513513513514
14470.0,12,2,461.19,230.595,461.19,275,0.007246376811594203
14472.0,104,8,1852.67,231.58375,1852.67,251,0.031746031746031744
14473.0,74,2,234.34000000000003,117.17000000000002,234.34000000000003,208,0.009569377990430622
14474.0,46,1,547.66,547.66,547.66,0,1.0
14475.0,72,3,925.85,308.6166666666667,925.85,233,0.01282051282051282
14476.0,257,1,193.0,193.0,193.0,0,1.0
14477.0,20,4,1309.6,327.4,1309.6,277,0.014388489208633094
14479.0,254,2,316.25,158.125,316.25,111,0.017857142857142856
14480.0,11,1,279.05,279.05,279.05,0,1.0
14481.0,165,2,636.51,318.255,636.51,122,0.016260162601626018
14482.0,18,6,2022.81,337.135,2022.81,220,0.027149321266968326
14483.0,282,1,137.1,137.1,137.1,0,1.0
14484.0,50,1,321.92,321.92,321.92,0,1.0
14485.0,39,1,162.8,162.8,162.8,0,1.0
14487.0,27,6,1165.48,194.24666666666667,1165.48,341,0.017543859649122806
14488.0,68,1,1064.28,1064.28,1064.28,0,1.0
14489.0,207,1,463.38,463.38,463.38,0,1.0
14491.0,175,2,340.93,170.465,340.93,197,0.010101010101010102
14493.0,7,5,2383.2400000000002,476.648,2383.2400000000002,147,0.033783783783783786
14494.0,26,1,139.56,139.56,139.56,0,1.0
14495.0,51,2,123.8,61.9,123.8,70,0.028169014084507043
14496.0,312,2,538.8100000000001,269.40500000000003,538.8100000000001,61,0.03225806451612903
14497.0,309,1,475.37,475.37,475.37,0,1.0
14498.0,43,5,1957.32,391.464,1957.32,319,0.015625
14499.0,26,3,808.44,269.48,808.44,252,0.011857707509881422
14500.0,88,3,356.85,118.95,356.85,101,0.029411764705882353
14501.0,184,2,251.21,125.605,251.21,136,0.014598540145985401
14502.0,20,11,2429.83,220.89363636363635,2429.83,293,0.03741496598639456
14503.0,3,6,3543.26,590.5433333333334,3543.26,175,0.03409090909090909
14504.0,47,4,673.26,168.315,673.26,231,0.017241379310344827
14505.0,17,8,5859.43,732.42875,5859.43,344,0.02318840579710145
14506.0,17,5,1960.65,392.13,1960.65,351,0.014204545454545454
14507.0,24,6,1367.88,227.98000000000002,1367.88,252,0.023715415019762844
14508.0,22,2,268.05,134.025,268.05,67,0.029411764705882353
14511.0,11,5,1314.81,262.962,1314.81,122,0.04065040650406504
14512.0,188,2,275.28,137.64,275.28,44,0.044444444444444446
14513.0,101,3,455.59000000000003,151.86333333333334,455.59000000000003,188,0.015873015873015872
14514.0,61,3,990.2,330.06666666666666,990.2,270,0.01107011070110701
14515.0,18,6,2076.89,346.1483333333333,2076.89,200,0.029850746268656716
14517.0,33,2,330.45,165.225,330.45,108,0.01834862385321101
14518.0,64,1,174.37,174.37,174.37,0,1.0
14520.0,2,2,270.6,135.3,270.6,289,0.006896551724137931
14522.0,24,4,974.54,243.635,974.54,173,0.022988505747126436
14523.0,108,1,241.09,241.09,241.09,0,1.0
14524.0,32,9,1843.83,204.87,1843.83,329,0.02727272727272727
14525.0,20,9,4215.9,468.4333333333333,4215.9,341,0.02631578947368421
14527.0,3,55,8507.13,154.6750909090909,8507.13,366,0.14986376021798364
14528.0,37,1,364.21999999999997,364.21999999999997,364.21999999999997,0,1.0
14529.0,60,3,578.61,192.87,578.61,50,0.058823529411764705
14530.0,26,6,2862.11,477.0183333333334,2862.11,270,0.02214022140221402
14532.0,236,4,932.85,233.2125,932.85,115,0.034482758620689655
14533.0,25,7,1949.72,278.5314285714286,1949.72,328,0.02127659574468085
14534.0,3,18,4397.3,244.29444444444445,4397.3,315,0.056962025316455694
14535.0,60,3,2854.84,951.6133333333333,2854.84,188,0.015873015873015872
14536.0,260,1,170.95,170.95,170.95,0,1.0
14537.0,58,1,355.56,355.56,355.56,0,1.0
14538.0,65,2,388.25,194.125,388.25,191,0.010416666666666666
14539.0,16,2,537.48,268.74,537.48,28,0.06896551724137931
14540.0,10,3,952.66,317.55333333333334,952.66,299,0.01
14541.0,59,8,1453.35,181.66875,1453.35,260,0.03065134099616858
14542.0,186,1,103.25,103.25,103.25,0,1.0
14543.0,29,16,3599.73,224.983125,3599.73,336,0.04747774480712166
14544.0,24,2,2004.3,1002.15,2004.3,337,0.005917159763313609
14546.0,5,5,2573.93,514.786,2573.93,243,0.020491803278688523
14547.0,4,8,3974.75,496.84375,3974.75,50,0.1568627450980392
14548.0,151,2,652.8,326.4,652.8,167,0.011904761904761904
14549.0,311,1,289.24,289.24,289.24,0,1.0
14550.0,11,2,757.37,378.685,757.37,33,0.058823529411764705
14551.0,18,2,186.23,93.115,186.23,185,0.010752688172043012
14552.0,152,1,164.22,164.22,164.22,0,1.0
14553.0,19,5,859.27,171.85399999999998,859.27,319,0.015625
14554.0,10,4,2279.4900000000002,569.8725000000001,2279.4900000000002,42,0.09302325581395349
14555.0,57,2,312.54,156.27,312.54,244,0.00816326530612245
14557.0,85,1,788.38,788.38,788.38,0,1.0
14560.0,7,22,2237.77,101.71681818181818,2237.77,350,0.06267806267806268
14561.0,76,3,1080.76,360.25333333333333,1080.76,108,0.027522935779816515
14562.0,4,18,5006.77,278.1538888888889,5006.77,300,0.059800664451827246
14565.0,96,4,3099.12,774.78,3099.12,265,0.015037593984962405
14566.0,111,1,1432.0,1432.0,1432.0,0,1.0
14567.0,57,2,1530.3600000000001,765.1800000000001,1530.3600000000001,73,0.02702702702702703
14569.0,1,1,227.39,227.39,227.39,0,1.0
14570.0,281,2,218.06,109.03,218.06,0,2.0
14572.0,3,7,2804.54,400.6485714285714,2804.54,320,0.021806853582554516
14573.0,180,9,1639.82,182.20222222222222,1639.82,192,0.046632124352331605
14576.0,372,1,35.400000000000006,35.400000000000006,35.400000000000006,0,1.0
14577.0,13,4,859.71,214.9275,859.71,350,0.011396011396011397
14578.0,3,1,168.63,168.63,168.63,0,1.0
14581.0,17,1,138.6,138.6,138.6,0,1.0
14582.0,41,1,114.11,114.11,114.11,0,1.0
14583.0,6,5,986.96,197.392,986.96,200,0.024875621890547265
14584.0,169,4,1033.06,258.265,1033.06,29,0.13333333333333333
14585.0,50,1,157.05,157.05,157.05,0,1.0
14586.0,277,1,237.36,237.36,237.36,0,1.0
14587.0,19,9,1580.29,175.58777777777777,1580.29,312,0.02875399361022364
14589.0,372,1,39.75,39.75,39.75,0,1.0
14591.0,15,4,1320.21,330.0525,1320.21,197,0.020202020202020204
14592.0,35,3,557.94,185.98000000000002,557.94,28,0.10344827586206896
14593.0,22,3,617.15,205.71666666666667,617.15,177,0.016853932584269662
14594.0,7,2,363.33,181.665,363.33,365,0.00546448087431694
14595.0,20,6,1740.6,290.09999999999997,1740.6,293,0.02040816326530612
14597.0,11,2,866.24,433.12,866.24,180,0.011049723756906077
14598.0,44,1,221.97,221.97,221.97,0,1.0
14600.0,306,1,393.33000000000004,393.33000000000004,393.33000000000004,0,1.0
14601.0,11,1,213.96,213.96,213.96,0,1.0
14603.0,275,1,660.0,660.0,660.0,0,1.0
14606.0,1,93,12076.15,129.8510752688172,12076.15,372,0.24932975871313673
14607.0,16,14,16209.5,1157.8214285714287,16209.5,245,0.056910569105691054
14608.0,4,4,1785.15,446.2875,1785.15,358,0.011142061281337047
14609.0,72,4,601.56,150.39,601.56,224,0.017777777777777778
14616.0,243,3,406.08000000000004,135.36,406.08000000000004,74,0.04
14618.0,9,3,553.44,184.48000000000002,553.44,328,0.00911854103343465
14619.0,246,1,394.44,394.44,394.44,0,1.0
14620.0,206,2,412.78000000000003,206.39000000000001,412.78000000000003,78,0.02531645569620253
14621.0,1,5,1788.3600000000001,357.672,1788.3600000000001,357,0.013966480446927373
14622.0,185,1,320.58000000000004,320.58000000000004,320.58000000000004,0,1.0
14623.0,32,5,886.7,177.34,886.7,203,0.024509803921568627
14624.0,57,2,225.85,112.925,225.85,1,1.0
14625.0,196,2,899.63,449.815,899.63,164,0.012121212121212121
14626.0,24,4,2791.27,697.8175,2791.27,209,0.01904761904761905
14628.0,91,2,671.96,335.98,671.96,151,0.013157894736842105
14629.0,4,2,955.26,477.63,955.26,43,0.045454545454545456
14631.0,51,3,1006.98,335.66,1006.98,248,0.012048192771084338
14632.0,263,1,114.56,114.56,114.56,0,1.0
14633.0,266,1,344.90000000000003,344.90000000000003,344.90000000000003,0,1.0
14636.0,36,2,609.85,304.925,609.85,232,0.008583690987124463
14638.0,51,1,443.6,443.6,443.6,0,1.0
14639.0,52,6,2984.49,497.41499999999996,2984.49,309,0.01935483870967742
14640.0,24,6,2107.38,351.23,2107.38,203,0.029411764705882353
14641.0,22,1,110.46,110.46,110.46,0,1.0
14642.0,59,1,96.12,96.12,96.12,0,1.0
14643.0,170,2,693.8100000000001,346.90500000000003,693.8100000000001,187,0.010638297872340425
14644.0,68,2,830.76,415.38,830.76,230,0.008658008658008658
14645.0,157,2,597.09,298.545,597.09,118,0.01680672268907563
14646.0,2,73,280206.02,3838.4386301369864,280206.02,353,0.2062146892655367
14647.0,201,1,236.04000000000002,236.04000000000002,236.04000000000002,0,1.0
14649.0,5,4,1402.59,350.6475,1402.59,207,0.019230769230769232
14651.0,67,2,653.75,326.875,653.75,143,0.013888888888888888
14652.0,77,1,114.18,114.18,114.18,0,1.0
14653.0,1,7,1926.65,275.2357142857143,1926.65,337,0.020710059171597635
14655.0,8,4,1932.23,483.0575,1932.23,214,0.018604651162790697
14656.0,169,2,291.05,145.525,291.05,114,0.017391304347826087
14657.0,18,4,848.22,212.055,848.22,308,0.012944983818770227
14658.0,5,2,247.15,123.575,247.15,111,0.017857142857142856
14659.0,9,9,2529.93,281.1033333333333,2529.93,306,0.029315960912052116
14660.0,87,2,285.74,142.87,285.74,14,0.13333333333333333
14661.0,27,1,107.95,107.95,107.95,0,1.0
14662.0,29,4,741.37,185.3425,741.37,287,0.013888888888888888
14664.0,20,2,636.24,318.12,636.24,13,0.14285714285714285
14665.0,61,5,1835.7,367.14,1835.7,250,0.0199203187250996
14666.0,24,1,195.25,195.25,195.25,0,1.0
14667.0,11,25,9175.04,367.00160000000005,9175.04,357,0.06983240223463687
14669.0,242,3,1259.24,419.74666666666667,1259.24,90,0.03296703296703297
14670.0,280,2,392.86,196.43,392.86,0,2.0
14672.0,235,2,765.55,382.775,765.55,101,0.0196078431372549
14673.0,3,5,1736.4,347.28000000000003,1736.4,364,0.0136986301369863
14675.0,16,1,596.36,596.36,596.36,0,1.0
14676.0,31,6,2548.2400000000002,424.7066666666667,2548.2400000000002,251,0.023809523809523808
14680.0,25,16,28754.11,1797.131875,28754.11,346,0.04610951008645533
14681.0,71,3,498.95,166.31666666666666,498.95,140,0.02127659574468085
14682.0,188,2,52.0,26.0,52.0,13,0.14285714285714285
14684.0,26,5,1201.51,240.302,1201.51,336,0.01483679525222552
14687.0,107,1,628.38,628.38,628.38,0,1.0
14688.0,8,21,5579.1,265.6714285714286,5579.1,366,0.05722070844686648
14689.0,209,1,112.8,112.8,112.8,0,1.0
14690.0,44,2,355.05,177.525,355.05,107,0.018518518518518517
14691.0,31,5,2114.33,422.866,2114.33,182,0.0273224043715847
14692.0,137,4,591.55,147.8875,591.55,185,0.021505376344086023
14693.0,265,1,172.9,172.9,172.9,0,1.0
14696.0,4,7,2078.95,296.99285714285713,2078.95,368,0.018970189701897018
14697.0,218,2,188.60999999999999,94.30499999999999,188.60999999999999,0,2.0
14698.0,2,5,1217.27,243.454,1217.27,49,0.1
14699.0,214,1,109.13000000000001,109.13000000000001,109.13000000000001,0,1.0
14700.0,32,3,2195.1,731.6999999999999,2195.1,206,0.014492753623188406
14701.0,11,9,2526.09,280.6766666666667,2526.09,305,0.029411764705882353
14702.0,1,17,3251.79,191.28176470588235,3251.79,364,0.04657534246575343
14703.0,15,1,318.17,318.17,318.17,0,1.0
14704.0,11,9,1493.96,165.99555555555557,1493.96,168,0.05325443786982249
14705.0,199,1,179.0,179.0,179.0,0,1.0
14708.0,3,3,1126.37,375.45666666666665,1126.37,365,0.00819672131147541
14709.0,15,13,4921.04,378.54153846153844,4921.04,343,0.0377906976744186
14710.0,14,4,599.48,149.87,599.48,45,0.08695652173913043
14711.0,10,11,2839.62,258.1472727272727,2839.62,252,0.043478260869565216
14712.0,29,3,917.07,305.69,917.07,82,0.03614457831325301
14713.0,9,11,2662.2,242.0181818181818,2662.2,355,0.03089887640449438
14714.0,24,1,160.19,160.19,160.19,0,1.0
14715.0,25,4,867.38,216.845,867.38,306,0.013029315960912053
14716.0,43,2,307.51,153.755,307.51,105,0.018867924528301886
14719.0,2,5,1581.84,316.368,1581.84,247,0.020161290322580645
14720.0,6,3,663.81,221.26999999999998,663.81,120,0.024793388429752067
14722.0,147,1,180.42000000000002,180.42000000000002,180.42000000000002,0,1.0
14723.0,10,6,1122.3600000000001,187.06000000000003,1122.3600000000001,361,0.016574585635359115
14725.0,25,1,655.58,655.58,655.58,0,1.0
14727.0,274,1,268.58,268.58,268.58,0,1.0
14729.0,374,1,313.49,313.49,313.49,0,1.0
14730.0,1,8,1897.57,237.19625,1897.57,275,0.028985507246376812
14731.0,47,3,380.02,126.67333333333333,380.02,165,0.018072289156626505
14732.0,8,8,2702.4900000000002,337.81125000000003,2702.4900000000002,330,0.02416918429003021
14733.0,16,12,9585.91,798.8258333333333,9585.91,351,0.03409090909090909
14735.0,4,32,6065.69,189.5528125,6065.69,354,0.09014084507042254
14737.0,4,3,1164.55,388.18333333333334,1164.55,349,0.008571428571428572
14738.0,43,7,1314.45,187.77857142857144,1314.45,273,0.025547445255474453
14739.0,4,7,3902.28,557.4685714285714,3902.28,363,0.019230769230769232
14740.0,197,3,1448.21,482.7366666666667,1448.21,86,0.034482758620689655
14741.0,12,6,1400.34,233.39,1400.34,361,0.016574585635359115
14744.0,16,7,1099.98,157.14000000000001,1099.98,350,0.019943019943019943
14745.0,113,5,1220.26,244.052,1220.26,172,0.028901734104046242
14747.0,249,1,328.2,328.2,328.2,0,1.0
14748.0,29,5,1415.75,283.15,1415.75,339,0.014705882352941176
14752.0,44,1,389.64,389.64,389.64,0,1.0
14753.0,87,1,563.15,563.15,563.15,0,1.0
14754.0,45,2,638.05,319.025,638.05,250,0.00796812749003984
14755.0,10,11,5010.28,455.47999999999996,5010.28,324,0.033846153846153845
14756.0,15,1,738.96,738.96,738.96,0,1.0
14757.0,75,1,420.5,420.5,420.5,0,1.0
14758.0,145,4,1484.06,371.015,1484.06,114,0.034782608695652174
14759.0,5,3,1625.97,541.99,1625.97,228,0.013100436681222707
14760.0,297,1,89.2,89.2,89.2,0,1.0
14761.0,59,2,255.9,127.95,255.9,276,0.007220216606498195
14762.0,264,1,300.52,300.52,300.52,0,1.0
14764.0,47,1,278.3,278.3,278.3,0,1.0
14765.0,29,3,254.11,84.70333333333333,254.11,147,0.02027027027027027
14766.0,8,6,2473.37,412.2283333333333,2473.37,358,0.016713091922005572
14768.0,17,2,192.60000000000002,96.30000000000001,192.60000000000002,109,0.01818181818181818
14769.0,3,8,10416.98,1302.1225,10416.98,354,0.022535211267605635
14770.0,232,2,876.42,438.21,876.42,90,0.02197802197802198
14772.0,112,1,139.26,139.26,139.26,0,1.0
14775.0,58,3,1011.9,337.3,1011.9,313,0.009554140127388535
14776.0,51,11,2538.3,230.75454545454548,2538.3,261,0.04198473282442748
14778.0,127,2,730.86,365.43,730.86,181,0.01098901098901099
14779.0,281,3,386.15,128.71666666666667,386.15,43,0.06818181818181818
14780.0,55,2,447.68,223.84,447.68,24,0.08
14782.0,320,1,200.10000000000002,200.10000000000002,200.10000000000002,0,1.0
14784.0,26,2,289.99,144.995,289.99,297,0.006711409395973154
14785.0,10,2,77.4,38.7,77.4,4,0.4
14788.0,7,2,679.4399999999999,339.71999999999997,679.4399999999999,19,0.1
14789.0,29,1,197.64,197.64,197.64,0,1.0
14790.0,17,4,745.06,186.265,745.06,236,0.016877637130801686
14792.0,64,1,6.2,6.2,6.2,0,1.0
14793.0,21,1,228.99,228.99,228.99,0,1.0
14794.0,3,7,1319.91,188.55857142857144,1319.91,331,0.02108433734939759
14795.0,166,1,131.45000000000002,131.45000000000002,131.45000000000002,0,1.0
14796.0,1,17,7975.49,469.1464705882353,7975.49,365,0.04644808743169399
14798.0,53,3,173.74,57.913333333333334,173.74,257,0.011627906976744186
14799.0,51,1,157.7,157.7,157.7,0,1.0
14800.0,48,12,4331.79,360.9825,4331.79,322,0.03715170278637771
14801.0,61,1,189.34,189.34,189.34,0,1.0
14803.0,162,3,845.55,281.84999999999997,845.55,130,0.022900763358778626
14804.0,9,1,353.27,353.27,353.27,0,1.0
14805.0,15,4,546.4,136.6,546.4,298,0.013377926421404682
14806.0,75,1,193.39000000000001,193.39000000000001,193.39000000000001,0,1.0
14808.0,40,8,2718.6,339.825,2718.6,132,0.06015037593984962
14810.0,41,11,2085.33,189.57545454545453,2085.33,328,0.03343465045592705
14813.0,370,2,152.88,76.44,152.88,0,2.0
14815.0,37,2,778.5,389.25,778.5,31,0.0625
14816.0,197,1,271.85,271.85,271.85,0,1.0
14817.0,200,2,1110.34,555.17,1110.34,76,0.025974025974025976
14818.0,74,3,657.8,219.26666666666665,657.8,179,0.016666666666666666
14819.0,64,2,272.07,136.035,272.07,127,0.015625
14820.0,21,4,507.29,126.8225,507.29,152,0.026143790849673203
14821.0,367,1,48.800000000000004,48.800000000000004,48.800000000000004,0,1.0
14823.0,180,3,321.43,107.14333333333333,321.43,14,0.2
14824.0,10,4,1127.71,281.9275,1127.71,81,0.04878048780487805
14825.0,4,12,2221.01,185.08416666666668,2221.01,364,0.03287671232876712
14828.0,197,3,2139.76,713.2533333333334,2139.76,140,0.02127659574468085
14829.0,29,4,697.55,174.3875,697.55,343,0.011627906976744186
14830.0,53,1,188.88,188.88,188.88,0,1.0
14834.0,18,6,1720.3,286.71666666666664,1720.3,222,0.026905829596412557
14836.0,10,3,102.44999999999999,34.15,102.44999999999999,20,0.14285714285714285
14837.0,90,4,1649.5,412.375,1649.5,111,0.03571428571428571
14840.0,268,1,62.85,62.85,62.85,0,1.0
14841.0,53,6,3295.76,549.2933333333334,3295.76,305,0.0196078431372549
14842.0,44,4,2824.69,706.1725,2824.69,264,0.01509433962264151
14844.0,64,4,3189.81,797.4525,3189.81,177,0.02247191011235955
14847.0,149,1,309.4,309.4,309.4,0,1.0
14849.0,22,25,7930.54,317.2216,7930.54,351,0.07102272727272728
14850.0,312,1,325.75,325.75,325.75,0,1.0
14851.0,23,2,511.35,255.675,511.35,232,0.008583690987124463
14852.0,58,6,2836.69,472.7816666666667,2836.69,193,0.030927835051546393
14853.0,24,2,475.8,237.9,475.8,187,0.010638297872340425
14854.0,78,7,2740.03,391.4328571428572,2740.03,196,0.03553299492385787
14855.0,119,2,645.65,322.825,645.65,15,0.125
14856.0,36,3,1290.53,430.1766666666667,1290.53,20,0.14285714285714285
14857.0,60,2,1173.12,586.56,1173.12,88,0.02247191011235955
14859.0,13,4,1353.74,338.435,1353.74,191,0.020833333333333332
14860.0,19,1,170.32,170.32,170.32,0,1.0
14861.0,52,1,125.79,125.79,125.79,0,1.0
14862.0,26,2,841.1999999999999,420.59999999999997,841.1999999999999,122,0.016260162601626018
14863.0,29,1,266.76,266.76,266.76,0,1.0
14865.0,7,2,52.2,26.1,52.2,364,0.005479452054794521
14866.0,11,12,14389.9,1199.1583333333333,14389.9,355,0.033707865168539325
14867.0,186,3,710.28,236.76,710.28,150,0.019867549668874173
14868.0,3,8,2953.59,369.19875,2953.59,230,0.03463203463203463
14869.0,9,2,721.45,360.725,721.45,94,0.021052631578947368
14870.0,262,1,327.25,327.25,327.25,0,1.0
14871.0,3,4,501.28000000000003,125.32000000000001,501.28000000000003,357,0.0111731843575419
14873.0,210,1,519.68,519.68,519.68,0,1.0
14875.0,108,2,1465.3200000000002,732.6600000000001,1465.3200000000002,155,0.01282051282051282
14878.0,13,9,1476.09,164.01,1476.09,345,0.02601156069364162
14880.0,77,3,690.59,230.1966666666667,690.59,211,0.014150943396226415
14881.0,20,1,255.4,255.4,255.4,0,1.0
14882.0,27,2,589.7,294.85,589.7,7,0.25
14883.0,19,6,761.59,126.93166666666667,761.59,193,0.030927835051546393
14885.0,132,1,765.3199999999999,765.3199999999999,765.3199999999999,0,1.0
14886.0,253,1,364.8,364.8,364.8,0,1.0
14887.0,79,1,1862.0,1862.0,1862.0,0,1.0
14888.0,207,1,369.2,369.2,369.2,0,1.0
14889.0,336,1,135.9,135.9,135.9,0,1.0
14890.0,254,1,125.65,125.65,125.65,0,1.0
14891.0,148,2,554.38,277.19,554.38,39,0.05
14893.0,10,2,1237.8500000000001,618.9250000000001,1237.8500000000001,2,0.6666666666666666
14894.0,85,1,655.75,655.75,655.75,0,1.0
14895.0,8,20,11138.710000000001,556.9355,11138.710000000001,282,0.0706713780918728
14896.0,205,2,468.77000000000004,234.38500000000002,468.77000000000004,160,0.012422360248447204
14897.0,8,4,1366.38,341.595,1366.38,289,0.013793103448275862
14898.0,23,6,1269.31,211.55166666666665,1269.31,347,0.017241379310344827
14901.0,11,9,1421.29,157.92111111111112,1421.29,361,0.024861878453038673
14902.0,26,1,332.66,332.66,332.66,0,1.0
14903.0,21,5,2795.33,559.066,2795.33,257,0.01937984496124031
14904.0,2,2,1025.44,512.72,1025.44,23,0.08333333333333333
14905.0,158,2,616.15,308.075,616.15,76,0.025974025974025976
14907.0,3,7,3501.1,500.15714285714284,3501.1,364,0.019178082191780823
14908.0,74,1,277.8,277.8,277.8,0,1.0
14910.0,3,4,434.35,108.5875,434.35,51,0.07692307692307693
14911.0,1,201,143711.17,714.980945273632,143711.17,372,0.5388739946380697
14912.0,17,2,867.85,433.925,867.85,229,0.008695652173913044
14913.0,36,4,1227.43,306.8575,1227.43,323,0.012345679012345678
14915.0,91,2,307.48,153.74,307.48,186,0.0106951871657754
14916.0,71,4,1268.98,317.245,1268.98,253,0.015748031496062992
14918.0,116,2,1610.15,805.075,1610.15,38,0.05128205128205128
14920.0,213,2,977.77,488.885,977.77,0,2.0
14921.0,30,2,1316.07,658.035,1316.07,171,0.011627906976744186
14923.0,51,1,749.1,749.1,749.1,0,1.0
14924.0,246,1,310.05,310.05,310.05,0,1.0
14929.0,32,1,223.88,223.88,223.88,0,1.0
14930.0,109,3,2362.96,787.6533333333333,2362.96,165,0.018072289156626505
14931.0,5,5,1257.68,251.536,1257.68,236,0.02109704641350211
14932.0,366,1,363.53,363.53,363.53,0,1.0
14934.0,82,2,1890.94,945.47,1890.94,200,0.009950248756218905
14935.0,297,1,1784.71,1784.71,1784.71,0,1.0
14936.0,34,8,8137.02,1017.1275,8137.02,241,0.03305785123966942
14937.0,57,3,1621.88,540.6266666666667,1621.88,73,0.04054054054054054
14944.0,30,12,5900.25,491.6875,5900.25,266,0.0449438202247191
14946.0,14,1,100.9,100.9,100.9,0,1.0
14947.0,72,2,290.82,145.41,290.82,58,0.03389830508474576
14948.0,23,6,1101.97,183.66166666666666,1101.97,196,0.030456852791878174
14950.0,19,1,371.2,371.2,371.2,0,1.0
14951.0,79,1,311.69,311.69,311.69,0,1.0
14952.0,60,11,8099.49,736.3172727272727,8099.49,304,0.036065573770491806
14953.0,25,1,285.67,285.67,285.67,0,1.0
14954.0,12,1,294.85,294.85,294.85,0,1.0
14957.0,253,1,58.49,58.49,58.49,0,1.0
14958.0,147,3,483.72999999999996,161.2433333333333,483.72999999999996,98,0.030303030303030304
14959.0,64,4,695.42,173.855,695.42,232,0.017167381974248927
14960.0,8,2,221.27,110.635,221.27,162,0.012269938650306749
14961.0,11,9,7044.68,782.7422222222223,7044.68,349,0.025714285714285714
14962.0,271,1,126.7,126.7,126.7,0,1.0
14963.0,10,5,1472.34,294.46799999999996,1472.34,173,0.028735632183908046
14964.0,247,1,206.21,206.21,206.21,0,1.0
14965.0,96,2,596.09,298.045,596.09,0,2.0
14966.0,15,1,183.02,183.02,183.02,0,1.0
14967.0,50,1,463.8,463.8,463.8,0,1.0
14968.0,30,1,147.59,147.59,147.59,0,1.0
14970.0,68,4,1592.06,398.015,1592.06,248,0.01606425702811245
14971.0,35,3,1097.98,365.99333333333334,1097.98,8,0.3333333333333333
14972.0,128,1,114.77,114.77,114.77,0,1.0
14973.0,107,3,1314.45,438.15000000000003,1314.45,118,0.025210084033613446
14974.0,37,1,89.94,89.94,89.94,0,1.0
14975.0,57,1,279.94,279.94,279.94,0,1.0
14976.0,57,7,790.86,112.98,790.86,269,0.025925925925925925
14978.0,72,5,1921.3700000000001,384.274,1921.3700000000001,258,0.019305019305019305
14981.0,246,1,102.12,102.12,102.12,0,1.0
14984.0,19,2,202.37,101.185,202.37,161,0.012345679012345678
14985.0,198,2,292.01,146.005,292.01,159,0.0125
14987.0,16,2,326.4,163.2,326.4,349,0.005714285714285714
14988.0,212,1,334.54,334.54,334.54,0,1.0
14995.0,39,2,231.98000000000002,115.99000000000001,231.98000000000002,241,0.008264462809917356
14997.0,46,3,546.1999999999999,182.06666666666663,546.1999999999999,131,0.022727272727272728
14998.0,170,2,414.87,207.435,414.87,71,0.027777777777777776
15000.0,48,1,490.52,490.52,490.52,0,1.0
15002.0,116,4,1641.76,410.44,1641.76,251,0.015873015873015872
15004.0,147,1,1220.77,1220.77,1220.77,0,1.0
15005.0,16,28,6295.37,224.83464285714285,6295.37,350,0.07977207977207977
15006.0,51,1,480.38,480.38,480.38,0,1.0
15007.0,159,1,156.91,156.91,156.91,0,1.0
15009.0,12,3,1259.43,419.81,1259.43,12,0.23076923076923078
15010.0,36,1,308.94,308.94,308.94,0,1.0
15012.0,54,2,405.04,202.52,405.04,319,0.00625
15014.0,43,2,257.67,128.835,257.67,133,0.014925373134328358
15016.0,173,1,170.04,170.04,170.04,0,1.0
15017.0,34,1,125.58,125.58,125.58,0,1.0
15018.0,39,3,496.21000000000004,165.40333333333334,496.21000000000004,329,0.00909090909090909
15019.0,267,1,252.81,252.81,252.81,0,1.0
15021.0,9,9,1871.77,207.97444444444443,1871.77,357,0.025139664804469275
15022.0,12,4,852.39,213.0975,852.39,35,0.1111111111111111
15023.0,3,11,6720.41,610.9463636363636,6720.41,366,0.02997275204359673
15024.0,10,10,1636.43,163.643,1636.43,357,0.027932960893854747
15025.0,33,1,361.96,361.96,361.96,0,1.0
15026.0,80,3,469.0,156.33333333333334,469.0,197,0.015151515151515152
15027.0,31,4,1066.1499999999999,266.53749999999997,1066.1499999999999,207,0.019230769230769232
15028.0,8,4,627.13,156.7825,627.13,360,0.0110803324099723
15030.0,72,2,518.28,259.14,518.28,196,0.01015228426395939
15031.0,4,4,653.19,163.2975,653.19,277,0.014388489208633094
15032.0,256,3,4959.1,1653.0333333333335,4959.1,110,0.02702702702702703
15033.0,5,10,2557.18,255.718,2557.18,324,0.03076923076923077
15034.0,16,8,4274.16,534.27,4274.16,338,0.02359882005899705
15035.0,90,1,252.73000000000002,252.73000000000002,252.73000000000002,0,1.0
15036.0,72,3,429.56,143.18666666666667,429.56,107,0.027777777777777776
15038.0,59,6,685.74,114.29,685.74,311,0.019230769230769232
15039.0,10,47,19766.59,420.5657446808511,19766.59,359,0.13055555555555556
15041.0,170,1,179.93,179.93,179.93,0,1.0
15042.0,199,1,135.93,135.93,135.93,0,1.0
15043.0,31,1,537.0,537.0,537.0,0,1.0
15044.0,19,17,7634.7300000000005,449.1017647058824,7634.7300000000005,342,0.04956268221574344
15045.0,152,2,735.66,367.83,735.66,105,0.018867924528301886
15046.0,9,15,5090.42,339.36133333333333,5090.42,329,0.045454545454545456
15047.0,270,1,343.62,343.62,343.62,0,1.0
15048.0,65,4,381.0,95.25,381.0,303,0.013157894736842105
15049.0,274,1,121.17000000000002,121.17000000000002,121.17000000000002,0,1.0
15050.0,25,3,1737.69,579.23,1737.69,46,0.06382978723404255
15051.0,23,3,1383.3600000000001,461.12000000000006,1383.3600000000001,127,0.0234375
15052.0,319,1,207.73000000000002,207.73000000000002,207.73000000000002,0,1.0
15053.0,5,3,693.95,231.3166666666667,693.95,277,0.01079136690647482
15054.0,12,2,302.1,151.05,302.1,28,0.06896551724137931
15057.0,275,2,1489.5,744.75,1489.5,40,0.04878048780487805
15058.0,25,11,2102.54,191.14,2102.54,286,0.03832752613240418
15059.0,41,9,1337.72,148.63555555555556,1337.72,293,0.030612244897959183
15060.0,8,4,294.25,73.5625,294.25,0,4.0
15061.0,4,48,54534.14,1136.1279166666666,54534.14,368,0.13008130081300814
15062.0,71,4,987.86,246.965,987.86,288,0.01384083044982699
15063.0,213,1,370.79999999999995,370.79999999999995,370.79999999999995,0,1.0
15065.0,38,4,3158.13,789.5325,3158.13,253,0.015748031496062992
15066.0,53,1,893.59,893.59,893.59,0,1.0
15067.0,78,3,1744.76,581.5866666666667,1744.76,204,0.014634146341463415
15068.0,46,2,553.36,276.68,553.36,210,0.009478672985781991
15069.0,179,1,1109.53,1109.53,1109.53,0,1.0
15070.0,373,1,106.2,106.2,106.2,0,1.0
15071.0,94,2,982.07,491.035,982.07,182,0.01092896174863388
15073.0,10,3,1043.41,347.80333333333334,1043.41,177,0.016853932584269662
15074.0,105,1,735.67,735.67,735.67,0,1.0
15075.0,78,1,773.03,773.03,773.03,0,1.0
15076.0,173,1,880.85,880.85,880.85,0,1.0
15078.0,7,32,9743.11,304.4721875,9743.11,361,0.08839779005524862
15079.0,213,4,895.61,223.9025,895.61,153,0.025974025974025976
15081.0,22,5,504.8,100.96000000000001,504.8,345,0.014450867052023121
15083.0,257,1,88.2,88.2,88.2,0,1.0
15087.0,282,1,306.94,306.94,306.94,0,1.0
15088.0,21,2,1160.07,580.035,1160.07,45,0.043478260869565216
15089.0,10,6,2420.84,403.47333333333336,2420.84,118,0.05042016806722689
15090.0,308,1,381.32,381.32,381.32,0,1.0
15091.0,68,1,480.71,480.71,480.71,0,1.0
15092.0,215,2,457.81,228.905,457.81,68,0.028985507246376812
15093.0,18,6,4597.02,766.1700000000001,4597.02,353,0.01694915254237288
15095.0,104,4,1370.6,342.65,1370.6,99,0.04
15096.0,43,1,219.39000000000001,219.39000000000001,219.39000000000001,0,1.0
15097.0,4,1,248.08,248.08,248.08,0,1.0
15098.0,182,3,39916.5,13305.5,39916.5,0,3.0
15099.0,84,1,410.48,410.48,410.48,0,1.0
15100.0,334,3,876.0,292.0,876.0,40,0.07317073170731707
15101.0,9,2,317.53,158.765,317.53,350,0.005698005698005698
15103.0,31,2,703.36,351.68,703.36,55,0.03571428571428571
15104.0,197,2,993.54,496.77,993.54,85,0.023255813953488372
15105.0,18,7,2298.93,328.4185714285714,2298.93,116,0.05982905982905983
15106.0,18,5,1422.52,284.504,1422.52,251,0.01984126984126984
15107.0,311,6,319.5,53.25,319.5,61,0.0967741935483871
15108.0,142,4,1300.25,325.0625,1300.25,85,0.046511627906976744
15109.0,246,1,484.95,484.95,484.95,0,1.0
15110.0,24,4,996.1,249.025,996.1,294,0.013559322033898305
15111.0,29,3,1567.48,522.4933333333333,1567.48,343,0.00872093023255814
15113.0,10,3,3509.43,1169.81,3509.43,44,0.06666666666666667
15114.0,30,10,2760.56,276.056,2760.56,271,0.03676470588235294
15115.0,18,1,340.11,340.11,340.11,0,1.0
15116.0,18,4,1352.75,338.1875,1352.75,187,0.02127659574468085
15117.0,15,5,1551.78,310.356,1551.78,200,0.024875621890547265
15118.0,134,1,244.8,244.8,244.8,0,1.0
15119.0,246,1,266.4,266.4,266.4,0,1.0
15120.0,134,1,358.82,358.82,358.82,0,1.0
15121.0,50,2,457.72,228.86,457.72,238,0.008368200836820083
15122.0,114,3,1633.78,544.5933333333334,1633.78,183,0.016304347826086956
15123.0,7,2,2199.31,1099.655,2199.31,198,0.010050251256281407
15124.0,23,2,184.19,92.095,184.19,169,0.011764705882352941
15125.0,25,15,11528.48,768.5653333333333,11528.48,245,0.06097560975609756
15127.0,66,1,406.53,406.53,406.53,0,1.0
15128.0,60,4,1471.0,367.75,1471.0,159,0.025
15129.0,50,11,3447.4,313.40000000000003,3447.4,241,0.045454545454545456
15130.0,170,1,330.11,330.11,330.11,0,1.0
15132.0,18,5,977.9300000000001,195.586,977.9300000000001,244,0.02040816326530612
15133.0,128,3,982.42,327.4733333333333,982.42,174,0.017142857142857144
15134.0,15,8,1387.99,173.49875,1387.99,225,0.035398230088495575
15135.0,239,1,139.05,139.05,139.05,0,1.0
15136.0,3,4,1286.7,321.675,1286.7,93,0.0425531914893617
15139.0,240,2,178.96,89.48,178.96,96,0.020618556701030927
15140.0,52,7,2354.25,336.32142857142856,2354.25,211,0.0330188679245283
15142.0,46,1,498.74,498.74,498.74,0,1.0
15143.0,226,1,259.45,259.45,259.45,0,1.0
15144.0,8,17,6580.44,387.0847058823529,6580.44,304,0.05573770491803279
15145.0,4,4,1194.73,298.6825,1194.73,244,0.0163265306122449
15146.0,165,2,1327.16,663.58,1327.16,126,0.015748031496062992
15147.0,240,1,623.5,623.5,623.5,0,1.0
15148.0,11,1,301.29,301.29,301.29,0,1.0
15149.0,134,1,520.8000000000001,520.8000000000001,520.8000000000001,0,1.0
15150.0,17,10,5291.33,529.133,5291.33,251,0.03968253968253968
15152.0,10,13,4745.69,365.0530769230769,4745.69,177,0.07303370786516854
15153.0,31,1,329.25,329.25,329.25,0,1.0
15154.0,75,1,254.28,254.28,254.28,0,1.0
15156.0,1,3,961.49,320.49666666666667,961.49,32,0.09090909090909091
15157.0,4,3,1936.07,645.3566666666667,1936.07,354,0.008450704225352112
15158.0,45,1,401.40000000000003,401.40000000000003,401.40000000000003,0,1.0
15159.0,2,30,18641.010000000002,621.3670000000001,18641.010000000002,359,0.08333333333333333
15160.0,357,1,158.16,158.16,158.16,0,1.0
15163.0,18,2,304.47,152.235,304.47,173,0.011494252873563218
15164.0,69,3,824.58,274.86,824.58,270,0.01107011070110701
15165.0,373,1,487.75,487.75,487.75,0,1.0
15167.0,321,1,158.8,158.8,158.8,0,1.0
15168.0,26,1,106.56,106.56,106.56,0,1.0
15171.0,331,1,1289.5,1289.5,1289.5,0,1.0
15172.0,9,5,1624.05,324.81,1624.05,227,0.021929824561403508
15174.0,323,1,135.75,135.75,135.75,0,1.0
15175.0,72,1,224.14,224.14,224.14,0,1.0
15178.0,260,1,40.5,40.5,40.5,0,1.0
15179.0,18,5,2206.95,441.39,2206.95,300,0.016611295681063124
15180.0,367,1,87.5,87.5,87.5,0,1.0
15181.0,66,3,689.4799999999999,229.82666666666663,689.4799999999999,203,0.014705882352941176
15182.0,154,2,622.85,311.425,622.85,114,0.017391304347826087
15184.0,29,2,402.2,201.1,402.2,161,0.012345679012345678
15185.0,70,1,310.62,310.62,310.62,0,1.0
15186.0,14,2,411.41,205.705,411.41,154,0.012903225806451613
15187.0,2,16,4777.18,298.57375,4777.18,210,0.07582938388625593
15189.0,1,41,16225.39,395.74121951219513,16225.39,331,0.12349397590361445
15192.0,120,3,1044.32,348.1066666666666,1044.32,245,0.012195121951219513
15193.0,61,1,499.32,499.32,499.32,0,1.0
15194.0,3,15,7616.53,507.76866666666666,7616.53,365,0.040983606557377046
15195.0,3,1,3861.0,3861.0,3861.0,0,1.0
15197.0,11,3,1079.6100000000001,359.87000000000006,1079.6100000000001,347,0.008620689655172414
15198.0,92,2,193.64,96.82,193.64,31,0.0625
15199.0,59,4,1268.7,317.175,1268.7,249,0.016
15201.0,87,5,1236.54,247.308,1236.54,160,0.031055900621118012
15203.0,26,6,1827.8,304.6333333333333,1827.8,285,0.02097902097902098
15204.0,357,1,316.58,316.58,316.58,0,1.0
15205.0,85,2,653.24,326.62,653.24,42,0.046511627906976744
15206.0,10,4,420.29999999999995,105.07499999999999,420.29999999999995,265,0.015037593984962405
15208.0,1,5,870.12,174.024,870.12,352,0.014164305949008499
15210.0,225,1,331.18,331.18,331.18,0,1.0
15211.0,60,2,894.4100000000001,447.20500000000004,894.4100000000001,304,0.006557377049180328
15212.0,241,1,101.8,101.8,101.8,0,1.0
15213.0,319,2,328.35,164.175,328.35,11,0.16666666666666666
15214.0,2,8,1661.44,207.68,1661.44,241,0.03305785123966942
15215.0,47,3,734.94,244.98000000000002,734.94,49,0.06
15216.0,88,1,96.6,96.6,96.6,0,1.0
15218.0,11,11,5756.89,523.3536363636364,5756.89,308,0.03559870550161812
15219.0,176,1,305.75,305.75,305.75,0,1.0
15220.0,52,6,1778.96,296.49333333333334,1778.96,229,0.02608695652173913
15221.0,366,1,403.25,403.25,403.25,0,1.0
15222.0,319,1,585.0,585.0,585.0,0,1.0
15223.0,226,2,755.75,377.875,755.75,23,0.08333333333333333
15224.0,358,2,322.08,161.04,322.08,4,0.4
15225.0,234,1,409.40000000000003,409.40000000000003,409.40000000000003,0,1.0
15226.0,311,1,154.41,154.41,154.41,0,1.0
15227.0,37,5,1219.4,243.88000000000002,1219.4,280,0.017793594306049824
15228.0,66,4,3386.71,846.6775,3386.71,228,0.017467248908296942
15230.0,239,2,429.6,214.8,429.6,1,1.0
15232.0,113,2,612.06,306.03,612.06,27,0.07142857142857142
15234.0,277,1,197.0,197.0,197.0,0,1.0
15235.0,218,12,2247.51,187.29250000000002,2247.51,155,0.07692307692307693
15236.0,299,1,321.05,321.05,321.05,0,1.0
15237.0,2,4,1412.32,353.08,1412.32,225,0.017699115044247787
15238.0,29,3,1071.99,357.33,1071.99,154,0.01935483870967742
15239.0,10,2,780.59,390.295,780.59,68,0.028985507246376812
15240.0,45,5,1706.57,341.31399999999996,1706.57,267,0.018656716417910446
15241.0,67,8,1756.44,219.555,1756.44,216,0.03686635944700461
15243.0,74,1,316.68,316.68,316.68,0,1.0
15244.0,65,2,631.57,315.785,631.57,182,0.01092896174863388
15245.0,134,3,2515.84,838.6133333333333,2515.84,127,0.0234375
15246.0,238,2,514.15,257.075,514.15,120,0.01652892561983471
15247.0,122,1,356.0,356.0,356.0,0,1.0
15249.0,32,13,6688.46,514.496923076923,6688.46,224,0.057777777777777775
15251.0,9,11,10484.99,953.180909090909,10484.99,232,0.04721030042918455
15252.0,36,2,740.78,370.39,740.78,146,0.013605442176870748
15253.0,16,5,918.1999999999999,183.64,918.1999999999999,153,0.032467532467532464
15254.0,127,1,300.36,300.36,300.36,0,1.0
15255.0,67,1,890.85,890.85,890.85,0,1.0
15256.0,149,1,98.45,98.45,98.45,0,1.0
15257.0,283,1,317.15,317.15,317.15,0,1.0
15258.0,169,2,623.16,311.58,623.16,48,0.04081632653061224
15260.0,100,7,1810.77,258.68142857142857,1810.77,272,0.02564102564102564
15261.0,135,1,254.82,254.82,254.82,0,1.0
15262.0,324,1,178.95000000000002,178.95000000000002,178.95000000000002,0,1.0
15263.0,107,1,156.51,156.51,156.51,0,1.0
15264.0,64,1,393.74,393.74,393.74,0,1.0
15265.0,151,2,1506.1200000000001,753.0600000000001,1506.1200000000001,84,0.023529411764705882
15266.0,338,1,119.3,119.3,119.3,0,1.0
15267.0,22,5,1717.36,343.472,1717.36,160,0.031055900621118012
15269.0,24,1,408.8,408.8,408.8,0,1.0
15270.0,16,7,2379.49,339.9271428571428,2379.49,294,0.023728813559322035
15271.0,7,15,2493.34,166.22266666666667,2493.34,358,0.04178272980501393
15272.0,57,2,721.94,360.97,721.94,28,0.06896551724137931
15274.0,4,2,716.57,358.285,716.57,14,0.13333333333333333
15275.0,38,1,615.14,615.14,615.14,0,1.0
15276.0,66,1,128.63,128.63,128.63,0,1.0
15277.0,47,1,255.89999999999998,255.89999999999998,255.89999999999998,0,1.0
15279.0,355,1,290.51,290.51,290.51,0,1.0
15280.0,172,1,113.12,113.12,113.12,0,1.0
15281.0,59,9,2332.15,259.1277777777778,2332.15,274,0.03272727272727273
15286.0,50,1,240.55,240.55,240.55,0,1.0
15287.0,22,2,486.69,243.345,486.69,48,0.04081632653061224
15288.0,43,5,2306.52,461.304,2306.52,322,0.015479876160990712
15289.0,29,3,939.78,313.26,939.78,220,0.013574660633484163
15290.0,5,18,7943.22,441.29,7943.22,354,0.05070422535211268
15291.0,26,15,4668.3,311.22,4668.3,348,0.04297994269340974
15292.0,201,1,178.39,178.39,178.39,0,1.0
15296.0,51,6,3672.86,612.1433333333333,3672.86,275,0.021739130434782608
15297.0,10,3,641.94,213.98000000000002,641.94,53,0.05555555555555555
15298.0,2,12,4799.9,399.9916666666666,4799.9,364,0.03287671232876712
15299.0,67,7,4507.01,643.8585714285715,4507.01,304,0.022950819672131147
15300.0,64,1,496.44,496.44,496.44,0,1.0
15301.0,51,12,5049.95,420.82916666666665,5049.95,317,0.03773584905660377
15303.0,290,1,574.02,574.02,574.02,0,1.0
15304.0,61,8,694.4000000000001,86.80000000000001,694.4000000000001,307,0.025974025974025976
15306.0,64,3,1174.35,391.45,1174.35,83,0.03571428571428571
15307.0,96,1,205.3,205.3,205.3,0,1.0
15308.0,274,1,310.47,310.47,310.47,0,1.0
15311.0,1,91,60632.75,666.2939560439561,60632.75,373,0.24331550802139038
15312.0,75,4,924.85,231.2125,924.85,279,0.014285714285714285
15313.0,110,1,52.0,52.0,52.0,0,1.0
15314.0,199,1,327.97,327.97,327.97,0,1.0
15315.0,64,2,570.5,285.25,570.5,51,0.038461538461538464
15316.0,327,1,165.0,165.0,165.0,0,1.0
15318.0,4,1,312.62,312.62,312.62,0,1.0
15319.0,284,1,204.5,204.5,204.5,0,1.0
15320.0,44,1,267.13,267.13,267.13,0,1.0
15321.0,71,3,2748.31,916.1033333333334,2748.31,220,0.013574660633484163
15322.0,86,1,679.68,679.68,679.68,0,1.0
15325.0,104,1,161.74,161.74,161.74,0,1.0
15326.0,334,1,311.71,311.71,311.71,0,1.0
15327.0,53,1,208.75,208.75,208.75,0,1.0
15329.0,39,3,1049.7,349.90000000000003,1049.7,132,0.022556390977443608
15330.0,32,2,714.96,357.48,714.96,28,0.06896551724137931
15332.0,366,4,1661.06,415.265,1661.06,3,1.0
15333.0,208,1,1028.56,1028.56,1028.56,0,1.0
15334.0,157,3,350.82,116.94,350.82,16,0.17647058823529413
15335.0,54,1,170.22,170.22,170.22,0,1.0
15339.0,66,2,574.07,287.035,574.07,251,0.007936507936507936
15341.0,81,1,2020.52,2020.52,2020.52,0,1.0
15342.0,130,1,406.09,406.09,406.09,0,1.0
15343.0,87,1,364.5,364.5,364.5,0,1.0
15344.0,1,3,563.94,187.98000000000002,563.94,73,0.04054054054054054
15345.0,46,1,393.54,393.54,393.54,0,1.0
15346.0,333,1,252.42000000000002,252.42000000000002,252.42000000000002,0,1.0
15347.0,366,1,201.60000000000002,201.60000000000002,201.60000000000002,0,1.0
15348.0,72,1,158.04,158.04,158.04,0,1.0
15349.0,158,2,463.90999999999997,231.95499999999998,463.90999999999997,29,0.06666666666666667
15350.0,373,1,115.65,115.65,115.65,0,1.0
15351.0,12,7,1934.66,276.38,1934.66,357,0.019553072625698324
15353.0,255,2,770.12,385.06,770.12,113,0.017543859649122806
15355.0,29,2,277.05,138.525,277.05,23,0.08333333333333333
15356.0,31,10,2718.03,271.803,2718.03,336,0.02967359050445104
15358.0,5,22,8347.2,379.41818181818184,8347.2,360,0.060941828254847646
15360.0,40,1,427.93,427.93,427.93,0,1.0
15361.0,362,1,418.92,418.92,418.92,0,1.0
15363.0,373,1,326.0,326.0,326.0,0,1.0
15364.0,96,2,913.19,456.595,913.19,158,0.012578616352201259
15365.0,26,7,2314.32,330.6171428571429,2314.32,289,0.02413793103448276
15366.0,75,2,602.51,301.255,602.51,282,0.007067137809187279
15367.0,57,4,1877.59,469.3975,1877.59,218,0.0182648401826484
15368.0,21,1,446.94000000000005,446.94000000000005,446.94000000000005,0,1.0
15370.0,41,7,2386.05,340.86428571428576,2386.05,291,0.023972602739726026
15372.0,137,1,2007.3999999999999,2007.3999999999999,2007.3999999999999,0,1.0
15373.0,8,12,2415.91,201.32583333333332,2415.91,363,0.03296703296703297
15374.0,129,1,168.0,168.0,168.0,0,1.0
15376.0,40,3,1221.56,407.18666666666667,1221.56,182,0.01639344262295082
15379.0,169,7,3703.29,529.0414285714286,3703.29,189,0.03684210526315789
15380.0,9,5,1690.2600000000002,338.052,1690.2600000000002,356,0.014005602240896359
15381.0,214,2,596.85,298.425,596.85,54,0.03636363636363636
15382.0,15,6,5955.71,992.6183333333333,5955.71,280,0.021352313167259787
15384.0,170,2,642.41,321.205,642.41,189,0.010526315789473684
15385.0,40,1,316.88,316.88,316.88,0,1.0
15386.0,186,1,394.14,394.14,394.14,0,1.0
15388.0,270,1,140.54,140.54,140.54,0,1.0
15389.0,172,1,500.0,500.0,500.0,0,1.0
15392.0,5,4,1535.53,383.8825,1535.53,355,0.011235955056179775
15393.0,16,2,231.86,115.93,231.86,264,0.007547169811320755
15394.0,10,4,2183.54,545.885,2183.54,348,0.011461318051575931
15395.0,326,1,107.45,107.45,107.45,0,1.0
15396.0,113,1,288.18,288.18,288.18,0,1.0
15397.0,290,1,94.0,94.0,94.0,0,1.0
15398.0,16,2,1345.53,672.765,1345.53,62,0.031746031746031744
15399.0,1,3,815.77,271.92333333333335,815.77,77,0.038461538461538464
15400.0,92,5,716.2,143.24,716.2,186,0.026737967914438502
15402.0,149,2,626.77,313.385,626.77,47,0.041666666666666664
15405.0,189,1,349.1,349.1,349.1,0,1.0
15406.0,31,2,510.71000000000004,255.35500000000002,510.71000000000004,269,0.007407407407407408
15407.0,34,4,1046.74,261.685,1046.74,271,0.014705882352941176
15408.0,264,1,267.18,267.18,267.18,0,1.0
15410.0,84,8,3450.84,431.355,3450.84,177,0.0449438202247191
15411.0,26,4,1348.93,337.2325,1348.93,156,0.025477707006369428
15412.0,171,1,190.53,190.53,190.53,0,1.0
15414.0,10,3,774.9000000000001,258.3,774.9000000000001,232,0.012875536480686695
15415.0,313,1,559.61,559.61,559.61,0,1.0
15416.0,65,4,3984.32,996.08,3984.32,218,0.0182648401826484
15417.0,85,1,508.8,508.8,508.8,0,1.0
15419.0,25,1,135.86,135.86,135.86,0,1.0
15421.0,59,4,950.36,237.59,950.36,251,0.015873015873015872
15422.0,323,2,97.7,48.85,97.7,0,2.0
15423.0,38,1,43.5,43.5,43.5,0,1.0
15424.0,254,2,383.34,191.67,383.34,0,2.0
15426.0,19,5,1404.07,280.81399999999996,1404.07,350,0.014245014245014245
15427.0,33,3,1430.54,476.84666666666664,1430.54,13,0.21428571428571427
15428.0,15,1,93.78,93.78,93.78,0,1.0
15429.0,27,2,397.35,198.675,397.35,48,0.04081632653061224
15432.0,23,1,171.19,171.19,171.19,0,1.0
15433.0,214,2,533.3,266.65,533.3,53,0.037037037037037035
15434.0,8,5,1041.48,208.296,1041.48,191,0.026041666666666668
15435.0,22,1,149.29,149.29,149.29,0,1.0
15436.0,12,3,1067.75,355.9166666666667,1067.75,221,0.013513513513513514
15437.0,262,1,200.16,200.16,200.16,0,1.0
15438.0,131,1,156.57999999999998,156.57999999999998,156.57999999999998,0,1.0
15440.0,55,3,383.68,127.89333333333333,383.68,154,0.01935483870967742
15442.0,249,1,594.0,594.0,594.0,0,1.0
15443.0,2,7,3213.59,459.0842857142857,3213.59,318,0.0219435736677116
15444.0,9,2,1411.21,705.605,1411.21,31,0.0625
15445.0,264,1,113.5,113.5,113.5,0,1.0
15447.0,331,1,155.17,155.17,155.17,0,1.0
15448.0,313,1,494.64,494.64,494.64,0,1.0
15449.0,26,3,974.52,324.84,974.52,235,0.012711864406779662
15450.0,30,1,429.84,429.84,429.84,0,1.0
15452.0,30,3,528.48,176.16,528.48,234,0.01276595744680851
15453.0,2,7,1371.77,195.96714285714285,1371.77,185,0.03763440860215054
15454.0,362,1,179.1,179.1,179.1,0,1.0
15456.0,283,3,434.59000000000003,144.86333333333334,434.59000000000003,75,0.039473684210526314
15457.0,262,1,237.07,237.07,237.07,0,1.0
15458.0,25,1,161.64,161.64,161.64,0,1.0
15460.0,354,1,214.26,214.26,214.26,0,1.0
15462.0,94,3,234.6,78.2,234.6,92,0.03225806451612903
15463.0,29,1,126.14,126.14,126.14,0,1.0
15464.0,338,1,1044.65,1044.65,1044.65,0,1.0
15465.0,20,18,7354.62,408.59,7354.62,349,0.05142857142857143
15466.0,85,1,334.53,334.53,334.53,0,1.0
15467.0,9,3,524.88,174.96,524.88,142,0.02097902097902098
15468.0,51,2,467.51,233.755,467.51,0,2.0
15469.0,50,2,538.55,269.275,538.55,69,0.02857142857142857
15471.0,2,1,454.48,454.48,454.48,0,1.0
15472.0,113,1,371.56,371.56,371.56,0,1.0
15473.0,14,7,1771.2,253.02857142857144,1771.2,46,0.14893617021276595
15475.0,77,1,454.10999999999996,454.10999999999996,454.10999999999996,0,1.0
15478.0,40,2,1399.92,699.96,1399.92,16,0.11764705882352941
15480.0,116,1,905.5,905.5,905.5,0,1.0
15482.0,16,12,10879.76,906.6466666666666,10879.76,343,0.03488372093023256
15483.0,161,4,225.26,56.315,225.26,105,0.03773584905660377
15484.0,1,4,3590.41,897.6025,3590.41,77,0.05128205128205128
15485.0,30,3,2564.5,854.8333333333334,2564.5,343,0.00872093023255814
15488.0,93,1,91.32000000000001,91.32000000000001,91.32000000000001,0,1.0
15489.0,23,3,1134.28,378.0933333333333,1134.28,188,0.015873015873015872
15491.0,95,6,3100.09,516.6816666666667,3100.09,140,0.0425531914893617
15492.0,28,2,659.4599999999999,329.72999999999996,659.4599999999999,46,0.0425531914893617
15493.0,33,5,1953.41,390.682,1953.41,238,0.02092050209205021
15494.0,21,2,1280.58,640.29,1280.58,99,0.02
15497.0,18,2,1262.2,631.1,1262.2,302,0.006600660066006601
15498.0,3,27,13316.4,493.2,13316.4,364,0.07397260273972603
15500.0,8,4,1131.56,282.89,1131.56,73,0.05405405405405406
15502.0,16,12,10384.93,865.4108333333334,10384.93,353,0.03389830508474576
15503.0,363,1,141.04,141.04,141.04,0,1.0
15504.0,81,1,52.83,52.83,52.83,0,1.0
15505.0,53,5,3610.96,722.192,3610.96,102,0.04854368932038835
15506.0,23,3,972.08,324.0266666666667,972.08,116,0.02564102564102564
15507.0,172,1,475.86,475.86,475.86,0,1.0
15508.0,189,6,1000.27,166.71166666666667,1000.27,46,0.1276595744680851
15510.0,331,1,250.0,250.0,250.0,0,1.0
15511.0,12,5,900.53,180.106,900.53,73,0.06756756756756757
15512.0,156,2,121.0,60.5,121.0,203,0.00980392156862745
15513.0,33,19,14758.220000000001,776.7484210526317,14758.220000000001,340,0.05571847507331378
15514.0,12,11,4023.7200000000003,365.7927272727273,4023.7200000000003,352,0.031161473087818695
15516.0,45,3,62.43,20.81,62.43,1,1.5
15517.0,233,1,267.03,267.03,267.03,0,1.0
15518.0,64,8,1921.55,240.19375,1921.55,268,0.02973977695167286
15520.0,2,1,343.5,343.5,343.5,0,1.0
15521.0,40,8,3000.2,375.025,3000.2,214,0.037209302325581395
15522.0,33,2,397.99,198.995,397.99,54,0.03636363636363636
15523.0,84,1,412.01000000000005,412.01000000000005,412.01000000000005,0,1.0
15524.0,25,1,440.0,440.0,440.0,0,1.0
15525.0,2,3,734.37,244.79,734.37,371,0.008064516129032258
15526.0,33,2,148.44,74.22,148.44,0,2.0
15527.0,19,8,2428.53,303.56625,2428.53,335,0.023809523809523808
15528.0,254,1,229.33,229.33,229.33,0,1.0
15529.0,23,11,3962.6,360.23636363636365,3962.6,343,0.03197674418604651
15530.0,22,4,1497.31,374.3275,1497.31,225,0.017699115044247787
15531.0,8,2,1972.39,986.195,1972.39,22,0.08695652173913043
15532.0,25,4,1564.73,391.1825,1564.73,332,0.012012012012012012
15533.0,19,3,807.57,269.19,807.57,69,0.04285714285714286
15535.0,173,4,502.9,125.725,502.9,154,0.025806451612903226
15537.0,163,1,110.92,110.92,110.92,0,1.0
15539.0,7,1,538.46,538.46,538.46,0,1.0
15540.0,11,1,213.3,213.3,213.3,0,1.0
15541.0,114,1,85.13000000000001,85.13000000000001,85.13000000000001,0,1.0
15543.0,288,1,127.86,127.86,127.86,0,1.0
15544.0,9,9,3546.71,394.0788888888889,3546.71,363,0.024725274725274724
15545.0,54,2,288.96999999999997,144.48499999999999,288.96999999999997,316,0.006309148264984227
15547.0,7,14,4910.6,350.75714285714287,4910.6,354,0.03943661971830986
15549.0,77,3,1681.46,560.4866666666667,1681.46,239,0.0125
15550.0,4,4,575.63,143.9075,575.63,297,0.013422818791946308
15551.0,37,1,436.06,436.06,436.06,0,1.0
15552.0,217,1,90.12,90.12,90.12,0,1.0
15553.0,60,1,428.93,428.93,428.93,0,1.0
15554.0,278,1,217.2,217.2,217.2,0,1.0
15555.0,12,16,4794.86,299.67875,4794.86,357,0.0446927374301676
15556.0,24,1,279.77,279.77,279.77,0,1.0
15557.0,29,1,468.91,468.91,468.91,0,1.0
15561.0,12,4,800.59,200.1475,800.59,203,0.0196078431372549
15562.0,352,1,134.55,134.55,134.55,0,1.0
15563.0,22,4,1400.44,350.11,1400.44,336,0.011869436201780416
15565.0,50,2,173.16,86.58,173.16,20,0.09523809523809523
15567.0,19,1,186.01,186.01,186.01,0,1.0
15568.0,3,3,758.29,252.76333333333332,758.29,70,0.04225352112676056
15569.0,104,5,1375.71,275.142,1375.71,228,0.021834061135371178
15570.0,7,12,4148.82,345.73499999999996,4148.82,362,0.03305785123966942
15571.0,12,4,650.4300000000001,162.60750000000002,650.4300000000001,66,0.05970149253731343
15572.0,5,7,2533.42,361.9171428571429,2533.42,273,0.025547445255474453
15573.0,32,2,591.1899999999999,295.59499999999997,591.1899999999999,53,0.037037037037037035
15574.0,178,4,675.64,168.91,675.64,194,0.020512820512820513
15576.0,38,1,921.37,921.37,921.37,0,1.0
15577.0,151,3,258.88,86.29333333333334,258.88,154,0.01935483870967742
15578.0,162,1,127.1,127.1,127.1,0,1.0
15579.0,69,2,327.6,163.8,327.6,245,0.008130081300813009
15581.0,121,13,3675.77,282.7515384615385,3675.77,245,0.052845528455284556
15582.0,25,3,682.9100000000001,227.63666666666668,682.9100000000001,195,0.015306122448979591
15584.0,24,4,720.86,180.215,720.86,138,0.02877697841726619
15585.0,177,1,455.3,455.3,455.3,0,1.0
15587.0,50,4,913.6800000000001,228.42000000000002,913.6800000000001,301,0.013245033112582781
15589.0,256,3,478.53000000000003,159.51000000000002,478.53000000000003,54,0.05454545454545454
15592.0,47,1,388.58,388.58,388.58,0,1.0
15593.0,71,1,199.8,199.8,199.8,0,1.0
15594.0,16,5,1771.78,354.356,1771.78,218,0.0228310502283105
15596.0,101,5,1406.59,281.318,1406.59,264,0.018867924528301886
15597.0,35,1,324.57,324.57,324.57,0,1.0
15598.0,53,1,240.68,240.68,240.68,0,1.0
15599.0,27,2,761.74,380.87,761.74,177,0.011235955056179775
15601.0,11,14,6776.56,484.04,6776.56,361,0.03867403314917127
15602.0,8,9,1297.8700000000001,144.20777777777778,1297.8700000000001,359,0.025
15603.0,79,1,48.480000000000004,48.480000000000004,48.480000000000004,0,1.0
15604.0,52,1,216.39,216.39,216.39,0,1.0
15605.0,36,5,1198.23,239.64600000000002,1198.23,337,0.014792899408284023
15606.0,61,9,2920.16,324.4622222222222,2920.16,263,0.03409090909090909
15607.0,337,1,104.76,104.76,104.76,0,1.0
15608.0,28,4,1093.68,273.42,1093.68,92,0.043010752688172046
15609.0,184,1,298.48,298.48,298.48,0,1.0
15610.0,52,1,112.46000000000001,112.46000000000001,112.46000000000001,0,1.0
15611.0,10,13,1591.45,122.41923076923078,1591.45,325,0.03987730061349693
15612.0,36,2,195.15,97.575,195.15,25,0.07692307692307693
15615.0,10,23,10399.74,452.1626086956522,10399.74,348,0.0659025787965616
15618.0,33,4,776.851,194.21275,776.851,103,0.038461538461538464
15619.0,11,1,336.40000000000003,336.40000000000003,336.40000000000003,0,1.0
15620.0,57,3,1553.18,517.7266666666667,1553.18,301,0.009933774834437087
15621.0,4,4,1293.03,323.2575,1293.03,17,0.2222222222222222
15622.0,43,9,3709.56,412.17333333333335,3709.56,239,0.0375
15623.0,141,1,301.03,301.03,301.03,0,1.0
15624.0,117,4,588.13,147.0325,588.13,139,0.02857142857142857
15625.0,104,4,1534.26,383.565,1534.26,131,0.030303030303030304
15626.0,75,2,675.8,337.9,675.8,254,0.00784313725490196
15628.0,5,9,2870.2400000000002,318.91555555555556,2870.2400000000002,362,0.024793388429752067
15630.0,45,2,1186.35,593.175,1186.35,159,0.0125
15632.0,16,8,3285.31,410.66375,3285.31,259,0.03076923076923077
15634.0,17,1,243.55,243.55,243.55,0,1.0
15636.0,90,2,724.76,362.38,724.76,192,0.010362694300518135
15637.0,53,1,223.36,223.36,223.36,0,1.0
15639.0,134,1,425.32,425.32,425.32,0,1.0
15640.0,4,15,12416.11,827.7406666666667,12416.11,367,0.04076086956521739
15641.0,105,4,1887.2,471.8,1887.2,253,0.015748031496062992
15643.0,192,3,664.0,221.33333333333334,664.0,90,0.03296703296703297
15644.0,166,4,803.54,200.885,803.54,94,0.042105263157894736
15645.0,19,1,612.01,612.01,612.01,0,1.0
15646.0,158,3,447.64000000000004,149.21333333333334,447.64000000000004,214,0.013953488372093023
15648.0,204,2,639.5,319.75,639.5,62,0.031746031746031744
15649.0,336,2,816.0,408.0,816.0,31,0.0625
15651.0,37,3,646.3,215.4333333333333,646.3,223,0.013392857142857142
15652.0,91,1,337.74,337.74,337.74,0,1.0
15653.0,93,2,877.4399999999999,438.71999999999997,877.4399999999999,23,0.08333333333333333
15654.0,9,2,922.53,461.265,922.53,16,0.11764705882352941
15655.0,243,1,560.67,560.67,560.67,0,1.0
15656.0,45,4,748.5,187.125,748.5,238,0.016736401673640166
15657.0,23,1,30.0,30.0,30.0,0,1.0
15658.0,190,5,1024.1000000000001,204.82000000000002,1024.1000000000001,182,0.0273224043715847
15659.0,44,1,306.45,306.45,306.45,0,1.0
15660.0,25,9,1600.86,177.87333333333333,1600.86,340,0.026392961876832845
15661.0,317,2,309.8,154.9,309.8,21,0.09090909090909091
15663.0,106,1,138.14,138.14,138.14,0,1.0
15664.0,51,1,386.43,386.43,386.43,0,1.0
15665.0,168,2,2222.21,1111.105,2222.21,74,0.02666666666666667
15667.0,40,1,301.32,301.32,301.32,0,1.0
15668.0,218,1,76.32000000000001,76.32000000000001,76.32000000000001,0,1.0
15669.0,40,4,684.34,171.085,684.34,223,0.017857142857142856
15670.0,297,1,173.05,173.05,173.05,0,1.0
15671.0,19,7,2657.13,379.59000000000003,2657.13,252,0.02766798418972332
15673.0,88,4,2726.23,681.5575,2726.23,238,0.016736401673640166
15674.0,73,5,2446.6,489.32,2446.6,181,0.027472527472527472
15675.0,81,3,323.69,107.89666666666666,323.69,198,0.01507537688442211
15676.0,19,3,3435.76,1145.2533333333333,3435.76,265,0.011278195488721804
15677.0,49,1,657.23,657.23,657.23,0,1.0
15678.0,53,1,352.7,352.7,352.7,0,1.0
15679.0,24,4,781.28,195.32,781.28,158,0.025157232704402517
15680.0,9,3,1333.68,444.56,1333.68,356,0.008403361344537815
15681.0,25,5,1426.16,285.232,1426.16,255,0.01953125
15683.0,117,1,193.75,193.75,193.75,0,1.0
15687.0,9,9,2993.1,332.56666666666666,2993.1,321,0.027950310559006212
15689.0,120,2,254.1,127.05,254.1,241,0.008264462809917356
15690.0,4,2,239.76,119.88,239.76,96,0.020618556701030927
15691.0,252,1,136.8,136.8,136.8,0,1.0
15692.0,28,1,191.04,191.04,191.04,0,1.0
15694.0,1,14,6479.4,462.8142857142857,6479.4,372,0.03753351206434316
15695.0,267,2,409.98,204.99,409.98,0,2.0
15696.0,33,8,2711.11,338.88875,2711.11,293,0.027210884353741496
15699.0,18,1,309.65,309.65,309.65,0,1.0
15700.0,172,2,696.68,348.34,696.68,1,1.0
15701.0,2,4,1529.0,382.25,1529.0,108,0.03669724770642202
15703.0,265,1,211.5,211.5,211.5,0,1.0
15704.0,140,4,2293.62,573.405,2293.62,75,0.05263157894736842
15705.0,201,1,143.1,143.1,143.1,0,1.0
15706.0,64,4,1060.56,265.14,1060.56,52,0.07547169811320754
15707.0,35,4,916.98,229.245,916.98,51,0.07692307692307693
15708.0,41,7,3235.25,462.17857142857144,3235.25,328,0.02127659574468085
15709.0,284,1,133.25,133.25,133.25,0,1.0
15712.0,9,5,1072.3600000000001,214.47200000000004,1072.3600000000001,278,0.017921146953405017
15713.0,143,2,356.7,178.35,356.7,222,0.008968609865470852
15714.0,12,2,330.03000000000003,165.01500000000001,330.03000000000003,66,0.029850746268656716
15716.0,146,4,1101.1100000000001,275.27750000000003,1101.1100000000001,223,0.017857142857142856
15717.0,234,1,150.3,150.3,150.3,0,1.0
15719.0,33,13,5030.07,386.92846153846153,5030.07,304,0.04262295081967213
15720.0,24,1,598.73,598.73,598.73,0,1.0
15721.0,12,1,471.40000000000003,471.40000000000003,471.40000000000003,0,1.0
15722.0,36,5,2211.21,442.242,2211.21,254,0.0196078431372549
15723.0,365,1,190.7,190.7,190.7,0,1.0
15724.0,201,2,218.25,109.125,218.25,83,0.023809523809523808
15725.0,15,1,415.25,415.25,415.25,0,1.0
15727.0,17,7,5159.06,737.0085714285715,5159.06,342,0.02040816326530612
15729.0,213,1,85.0,85.0,85.0,0,1.0
15730.0,66,3,1120.88,373.6266666666667,1120.88,140,0.02127659574468085
15732.0,212,2,294.12,147.06,294.12,159,0.0125
15733.0,283,1,162.3,162.3,162.3,0,1.0
15734.0,115,2,1339.45,669.725,1339.45,85,0.023255813953488372
15737.0,15,8,1188.1200000000001,148.51500000000001,1188.1200000000001,228,0.034934497816593885
15738.0,19,16,4812.42,300.77625,4812.42,353,0.04519774011299435
15739.0,66,1,449.12,449.12,449.12,0,1.0
15740.0,49,1,154.88,154.88,154.88,0,1.0
15743.0,16,4,775.96,193.99,775.96,168,0.023668639053254437
15744.0,78,1,34.8,34.8,34.8,0,1.0
15745.0,19,4,1094.59,273.6475,1094.59,217,0.01834862385321101
15746.0,134,1,196.88,196.88,196.88,0,1.0
15747.0,13,3,946.64,315.5466666666667,946.64,160,0.018633540372670808
15748.0,40,1,144.36,144.36,144.36,0,1.0
15749.0,235,3,44534.3,14844.766666666668,44534.3,97,0.030612244897959183
15750.0,3,8,2463.05,307.88125,2463.05,364,0.021917808219178082
15752.0,40,7,2626.6,375.2285714285714,2626.6,333,0.020958083832335328
15753.0,305,1,79.2,79.2,79.2,0,1.0
15754.0,51,3,458.57,152.85666666666665,458.57,195,0.015306122448979591
15755.0,10,6,2364.25,394.0416666666667,2364.25,284,0.021052631578947368
15756.0,61,4,528.01,132.0025,528.01,187,0.02127659574468085
15757.0,66,2,714.42,357.21,714.42,152,0.013071895424836602
15758.0,25,1,205.25,205.25,205.25,0,1.0
15759.0,218,3,253.04,84.34666666666666,253.04,139,0.02142857142857143
15762.0,65,2,583.75,291.875,583.75,12,0.15384615384615385
15763.0,32,2,1086.92,543.46,1086.92,45,0.043478260869565216
15764.0,88,6,3279.97,546.6616666666666,3279.97,188,0.031746031746031744
15766.0,64,1,315.06,315.06,315.06,0,1.0
15768.0,116,3,621.8299999999999,207.27666666666664,621.8299999999999,110,0.02702702702702703
15769.0,7,26,56252.72,2163.566153846154,56252.72,363,0.07142857142857142
15773.0,6,1,635.6800000000001,635.6800000000001,635.6800000000001,0,1.0
15774.0,69,1,270.8,270.8,270.8,0,1.0
15775.0,245,1,104.9,104.9,104.9,0,1.0
15776.0,133,1,241.62,241.62,241.62,0,1.0
15777.0,241,4,1047.11,261.7775,1047.11,120,0.03305785123966942
15780.0,184,3,475.28000000000003,158.42666666666668,475.28000000000003,174,0.017142857142857144
15781.0,25,3,345.46,115.15333333333332,345.46,280,0.010676156583629894
15782.0,10,3,2614.7400000000002,871.58,2614.7400000000002,79,0.0375
15783.0,11,1,246.3,246.3,246.3,0,1.0
15785.0,33,5,2328.9700000000003,465.79400000000004,2328.9700000000003,262,0.019011406844106463
15786.0,46,3,4919.0,1639.6666666666667,4919.0,68,0.043478260869565216
15787.0,26,3,933.26,311.08666666666664,933.26,35,0.08333333333333333
15789.0,358,1,351.3,351.3,351.3,0,1.0
15790.0,10,1,218.75,218.75,218.75,0,1.0
15791.0,44,2,1612.69,806.345,1612.69,160,0.012422360248447204
15793.0,15,3,965.61,321.87,965.61,253,0.011811023622047244
15795.0,150,1,610.01,610.01,610.01,0,1.0
15796.0,1,8,2708.61,338.57625,2708.61,301,0.026490066225165563
15797.0,113,4,2207.4,551.85,2207.4,206,0.01932367149758454
15799.0,76,3,884.14,294.7133333333333,884.14,258,0.011583011583011582
15800.0,107,2,696.89,348.445,696.89,139,0.014285714285714285
15801.0,46,3,1063.95,354.65000000000003,1063.95,63,0.046875
15802.0,143,1,451.42,451.42,451.42,0,1.0
15803.0,51,1,415.82000000000005,415.82000000000005,415.82000000000005,0,1.0
15804.0,1,13,4206.39,323.5684615384616,4206.39,198,0.06532663316582915
15805.0,23,17,5488.18,322.83411764705886,5488.18,341,0.049707602339181284
15806.0,46,3,784.58,261.5266666666667,784.58,230,0.012987012987012988
15807.0,50,3,903.9,301.3,903.9,26,0.1111111111111111
15808.0,306,4,3651.27,912.8175,3651.27,63,0.0625
15809.0,36,5,515.77,103.154,515.77,266,0.018726591760299626
15810.0,79,4,1391.98,347.995,1391.98,218,0.0182648401826484
15811.0,22,6,2218.62,369.77,2218.62,343,0.01744186046511628
15812.0,107,5,1801.14,360.228,1801.14,210,0.023696682464454975
15813.0,208,2,1303.9099999999999,651.9549999999999,1303.9099999999999,31,0.0625
15814.0,17,4,1945.33,486.3325,1945.33,33,0.11764705882352941
15815.0,64,5,2100.6,420.12,2100.6,196,0.025380710659898477
15819.0,49,4,1905.45,476.3625,1905.45,227,0.017543859649122806
15820.0,320,1,206.98,206.98,206.98,0,1.0
15821.0,44,2,570.96,285.48,570.96,17,0.1111111111111111
15822.0,3,2,885.47,442.735,885.47,356,0.0056022408963585435
15823.0,372,1,15.0,15.0,15.0,0,1.0
15825.0,172,1,532.94,532.94,532.94,0,1.0
15826.0,56,3,1654.31,551.4366666666666,1654.31,154,0.01935483870967742
15827.0,73,14,1836.0900000000001,131.14928571428572,1836.0900000000001,299,0.04666666666666667
15829.0,99,2,636.14,318.07,636.14,41,0.047619047619047616
15830.0,38,1,576.0,576.0,576.0,0,1.0
15831.0,58,3,794.64,264.88,794.64,265,0.011278195488721804
15832.0,254,1,836.79,836.79,836.79,0,1.0
15834.0,70,4,2225.15,556.2875,2225.15,206,0.01932367149758454
15835.0,44,4,954.09,238.5225,954.09,286,0.013937282229965157
15836.0,50,1,137.37,137.37,137.37,0,1.0
15837.0,65,1,391.98,391.98,391.98,0,1.0
15838.0,11,19,33643.08,1770.6884210526316,33643.08,356,0.05322128851540616
15839.0,33,3,1048.49,349.49666666666667,1048.49,114,0.02608695652173913
15840.0,59,2,355.56,177.78,355.56,113,0.017543859649122806
15841.0,73,4,1224.06,306.015,1224.06,266,0.0149812734082397
15843.0,304,1,118.95000000000002,118.95000000000002,118.95000000000002,0,1.0
15844.0,46,1,130.73999999999998,130.73999999999998,130.73999999999998,0,1.0
15845.0,18,8,3711.77,463.97125,3711.77,319,0.025
15847.0,38,2,389.27,194.635,389.27,249,0.008
15850.0,19,2,234.88,117.44,234.88,148,0.013422818791946308
15852.0,187,2,160.71,80.355,160.71,10,0.18181818181818182
15853.0,52,1,110.8,110.8,110.8,0,1.0
15854.0,4,12,2969.12,247.42666666666665,2969.12,357,0.0335195530726257
15855.0,137,5,712.24,142.448,712.24,126,0.03937007874015748
15856.0,4,27,16143.64,597.9125925925925,16143.64,361,0.07458563535911603
15857.0,19,1,297.0,297.0,297.0,0,1.0
15858.0,16,5,1427.57,285.514,1427.57,351,0.014204545454545454
15860.0,41,8,965.16,120.645,965.16,327,0.024390243902439025
15861.0,12,8,3146.92,393.365,3146.92,254,0.03137254901960784
15862.0,8,4,832.88,208.22,832.88,365,0.01092896174863388
15863.0,26,2,68.84,34.42,68.84,167,0.011904761904761904
15864.0,22,6,1936.3200000000002,322.72,1936.3200000000002,293,0.02040816326530612
15865.0,41,3,895.13,298.37666666666667,895.13,173,0.017241379310344827
15866.0,101,1,211.89,211.89,211.89,0,1.0
15867.0,5,15,3810.14,254.00933333333333,3810.14,363,0.04120879120879121
15869.0,277,2,149.64,74.82,149.64,0,2.0
15870.0,33,1,351.44,351.44,351.44,0,1.0
15872.0,15,2,316.25,158.125,316.25,0,2.0
15874.0,64,7,4405.88,629.4114285714286,4405.88,220,0.03167420814479638
15877.0,2,2,490.33,245.165,490.33,16,0.11764705882352941
15880.0,369,1,329.03000000000003,329.03000000000003,329.03000000000003,0,1.0
15881.0,312,5,501.39000000000004,100.278,501.39000000000004,52,0.09433962264150944
15882.0,199,4,516.36,129.09,516.36,169,0.023529411764705882
15883.0,2,2,396.48,198.24,396.48,31,0.0625
15885.0,93,3,379.35,126.45,379.35,216,0.013824884792626729
15886.0,60,1,181.09,181.09,181.09,0,1.0
15888.0,81,1,168.31,168.31,168.31,0,1.0
15889.0,157,2,420.07,210.035,420.07,212,0.009389671361502348
15891.0,227,1,511.68,511.68,511.68,0,1.0
15894.0,253,2,258.25,129.125,258.25,115,0.017241379310344827
15895.0,150,1,179.17,179.17,179.17,0,1.0
15897.0,194,2,208.59,104.295,208.59,0,2.0
15898.0,1,5,1383.83,276.76599999999996,1383.83,367,0.01358695652173913
15899.0,369,1,56.25,56.25,56.25,0,1.0
15900.0,24,1,337.28,337.28,337.28,0,1.0
15901.0,17,3,351.73,117.24333333333334,351.73,138,0.02158273381294964
15903.0,10,7,5126.76,732.3942857142857,5126.76,285,0.024475524475524476
15904.0,8,1,164.68,164.68,164.68,0,1.0
15906.0,20,7,1567.69,223.9557142857143,1567.69,235,0.029661016949152543
15907.0,4,3,882.72,294.24,882.72,206,0.014492753623188406
15909.0,174,1,191.94,191.94,191.94,0,1.0
15910.0,1,8,1228.88,153.61,1228.88,315,0.02531645569620253
15912.0,178,2,264.62,132.31,264.62,54,0.03636363636363636
15916.0,16,8,1502.8600000000001,187.85750000000002,1502.8600000000001,350,0.022792022792022793
15917.0,248,1,123.1,123.1,123.1,0,1.0
15918.0,191,2,334.23,167.115,334.23,80,0.024691358024691357
15919.0,20,2,525.69,262.845,525.69,349,0.005714285714285714
15920.0,154,4,167.5,41.875,167.5,0,4.0
15921.0,173,1,323.03000000000003,323.03000000000003,323.03000000000003,0,1.0
15922.0,373,1,369.5,369.5,369.5,0,1.0
15923.0,373,1,127.08,127.08,127.08,0,1.0
15925.0,194,1,207.15,207.15,207.15,0,1.0
15930.0,67,1,426.63,426.63,426.63,0,1.0
15932.0,4,8,2495.87,311.98375,2495.87,285,0.027972027972027972
15933.0,21,3,1107.46,369.15333333333336,1107.46,65,0.045454545454545456
15935.0,239,2,416.86,208.43,416.86,2,0.6666666666666666
15937.0,64,1,145.35,145.35,145.35,0,1.0
15938.0,112,5,404.58,80.916,404.58,211,0.02358490566037736
15939.0,90,15,6115.01,407.6673333333334,6115.01,241,0.06198347107438017
15940.0,311,1,35.8,35.8,35.8,0,1.0
15942.0,134,1,337.44,337.44,337.44,0,1.0
15944.0,277,1,325.1,325.1,325.1,0,1.0
15945.0,365,1,181.0,181.0,181.0,0,1.0
15947.0,83,1,1708.24,1708.24,1708.24,0,1.0
15948.0,8,2,955.24,477.62,955.24,35,0.05555555555555555
15949.0,17,2,364.72,182.36,364.72,54,0.03636363636363636
15950.0,32,4,1744.71,436.1775,1744.71,327,0.012195121951219513
15951.0,9,2,708.22,354.11,708.22,276,0.007220216606498195
15952.0,34,4,781.91,195.4775,781.91,191,0.020833333333333332
15953.0,15,8,1657.28,207.16,1657.28,354,0.022535211267605635
15955.0,24,14,4416.26,315.44714285714286,4416.26,348,0.04011461318051576
15957.0,32,1,428.89,428.89,428.89,0,1.0
15958.0,74,1,104.35,104.35,104.35,0,1.0
15963.0,20,2,470.76,235.38,470.76,25,0.07692307692307693
15965.0,17,4,808.87,202.2175,808.87,350,0.011396011396011397
15967.0,23,2,397.68,198.84,397.68,295,0.006756756756756757
15969.0,3,3,666.1,222.03333333333333,666.1,182,0.01639344262295082
15970.0,304,1,314.1,314.1,314.1,0,1.0
15971.0,18,12,4199.85,349.9875,4199.85,293,0.04081632653061224
15973.0,367,1,307.82000000000005,307.82000000000005,307.82000000000005,0,1.0
15974.0,39,7,3442.15,491.7357142857143,3442.15,249,0.028
15975.0,84,1,371.01,371.01,371.01,0,1.0
15976.0,165,2,427.64,213.82,427.64,54,0.03636363636363636
15977.0,17,2,1054.73,527.365,1054.73,21,0.09090909090909091
15978.0,77,1,1098.78,1098.78,1098.78,0,1.0
15980.0,89,3,2398.86,799.62,2398.86,165,0.018072289156626505
15981.0,25,8,3408.48,426.06,3408.48,286,0.027874564459930314
15983.0,22,4,1465.12,366.28,1465.12,351,0.011363636363636364
15984.0,3,10,2780.63,278.063,2780.63,365,0.0273224043715847
15985.0,123,2,1142.42,571.21,1142.42,113,0.017543859649122806
15986.0,30,1,168.12,168.12,168.12,0,1.0
15987.0,12,7,1432.77,204.68142857142857,1432.77,356,0.0196078431372549
15988.0,19,1,156.78,156.78,156.78,0,1.0
15990.0,44,2,792.11,396.055,792.11,243,0.00819672131147541
15992.0,4,1,41.989999999999995,41.989999999999995,41.989999999999995,0,1.0
15993.0,9,7,2777.67,396.81,2777.67,35,0.19444444444444445
15994.0,55,1,414.27,414.27,414.27,0,1.0
15996.0,88,6,1032.58,172.09666666666666,1032.58,277,0.02158273381294964
15998.0,37,5,3080.22,616.044,3080.22,325,0.015337423312883436
16000.0,3,3,12393.7,4131.233333333334,12393.7,0,3.0
16003.0,30,5,2735.37,547.074,2735.37,329,0.015151515151515152
16005.0,12,4,578.71,144.6775,578.71,258,0.015444015444015444
16006.0,211,1,101.4,101.4,101.4,0,1.0
16007.0,48,4,1693.81,423.4525,1693.81,167,0.023809523809523808
16008.0,24,3,478.78,159.59333333333333,478.78,180,0.016574585635359115
16009.0,22,4,972.11,243.0275,972.11,137,0.028985507246376812
16010.0,246,3,392.4,130.79999999999998,392.4,116,0.02564102564102564
16011.0,8,16,3352.96,209.56,3352.96,357,0.0446927374301676
16012.0,35,3,1415.29,471.7633333333333,1415.29,119,0.025
16013.0,4,47,37130.6,790.0127659574467,37130.6,367,0.12771739130434784
16014.0,38,3,646.83,215.61,646.83,253,0.011811023622047244
16015.0,4,3,704.55,234.85,704.55,45,0.06521739130434782
16016.0,3,8,1465.51,183.18875,1465.51,363,0.02197802197802198
16017.0,47,1,211.88,211.88,211.88,0,1.0
16018.0,39,2,408.90000000000003,204.45000000000002,408.90000000000003,141,0.014084507042253521
16019.0,47,9,3786.2400000000002,420.6933333333334,3786.2400000000002,317,0.02830188679245283
16020.0,17,3,851.01,283.67,851.01,48,0.061224489795918366
16022.0,260,1,602.63,602.63,602.63,0,1.0
16023.0,46,3,719.81,239.93666666666664,719.81,220,0.013574660633484163
16024.0,12,1,251.03,251.03,251.03,0,1.0
16025.0,30,1,439.65999999999997,439.65999999999997,439.65999999999997,0,1.0
16026.0,43,1,236.09,236.09,236.09,0,1.0
16027.0,92,6,934.62,155.77,934.62,210,0.02843601895734597
16029.0,39,63,80850.84,1283.3466666666666,80850.84,335,0.1875
16030.0,310,1,331.24,331.24,331.24,0,1.0
16031.0,92,2,547.9,273.95,547.9,154,0.012903225806451613
16033.0,6,20,8778.82,438.941,8778.82,364,0.0547945205479452
16034.0,196,3,437.7,145.9,437.7,136,0.021897810218978103
16036.0,87,2,758.92,379.46,758.92,176,0.011299435028248588
16037.0,270,3,855.02,285.00666666666666,855.02,88,0.033707865168539325
16038.0,8,3,471.78000000000003,157.26000000000002,471.78000000000003,194,0.015384615384615385
16040.0,65,3,1313.55,437.84999999999997,1313.55,203,0.014705882352941176
16041.0,31,3,3166.4,1055.4666666666667,3166.4,110,0.02702702702702703
16042.0,22,5,1177.47,235.494,1177.47,310,0.01607717041800643
16043.0,38,4,773.99,193.4975,773.99,280,0.014234875444839857
16045.0,120,4,1340.7,335.175,1340.7,170,0.023391812865497075
16048.0,373,2,256.44,128.22,256.44,0,2.0
16049.0,40,3,1074.81,358.27,1074.81,34,0.08571428571428572
16050.0,174,1,137.9,137.9,137.9,0,1.0
16052.0,54,1,362.06,362.06,362.06,0,1.0
16053.0,33,2,1511.95,755.975,1511.95,89,0.022222222222222223
16054.0,145,1,783.9,783.9,783.9,0,1.0
16055.0,221,1,134.8,134.8,134.8,0,1.0
16056.0,45,1,650.75,650.75,650.75,0,1.0
16057.0,16,7,2263.12,323.30285714285714,2263.12,268,0.026022304832713755
16059.0,66,6,1453.16,242.19333333333336,1453.16,301,0.019867549668874173
16062.0,10,4,1153.62,288.405,1153.62,355,0.011235955056179775
16063.0,260,1,335.32,335.32,335.32,0,1.0
16065.0,365,1,367.14,367.14,367.14,0,1.0
16066.0,17,5,1521.04,304.20799999999997,1521.04,107,0.046296296296296294
16070.0,22,2,852.15,426.075,852.15,9,0.2
16071.0,45,1,326.24,326.24,326.24,0,1.0
16072.0,288,1,584.3199999999999,584.3199999999999,584.3199999999999,0,1.0
16073.0,297,1,122.39999999999999,122.39999999999999,122.39999999999999,0,1.0
16076.0,3,10,2234.73,223.473,2234.73,205,0.04854368932038835
16078.0,284,1,79.2,79.2,79.2,0,1.0
16079.0,17,3,1352.0,450.6666666666667,1352.0,23,0.125
16080.0,82,2,217.16,108.58,217.16,192,0.010362694300518135
16081.0,56,5,2799.42,559.884,2799.42,310,0.01607717041800643
16083.0,101,2,1317.62,658.81,1317.62,259,0.007692307692307693
16084.0,299,1,436.18,436.18,436.18,0,1.0
16085.0,23,5,981.51,196.302,981.51,297,0.016778523489932886
16086.0,59,5,1121.39,224.27800000000002,1121.39,307,0.016233766233766232
16091.0,155,2,315.06,157.53,315.06,43,0.045454545454545456
16092.0,115,3,817.86,272.62,817.86,139,0.02142857142857143
16093.0,107,1,17.0,17.0,17.0,0,1.0
16094.0,12,4,1078.23,269.5575,1078.23,207,0.019230769230769232
16096.0,264,1,320.62,320.62,320.62,0,1.0
16097.0,240,1,185.04999999999998,185.04999999999998,185.04999999999998,0,1.0
16098.0,88,7,2005.63,286.5185714285714,2005.63,286,0.024390243902439025
16099.0,50,3,731.9,243.96666666666667,731.9,175,0.017045454545454544
16101.0,71,1,1290.7,1290.7,1290.7,0,1.0
16102.0,42,3,1842.14,614.0466666666667,1842.14,86,0.034482758620689655
16103.0,7,6,1429.64,238.27333333333334,1429.64,226,0.02643171806167401
16104.0,62,1,298.21,298.21,298.21,0,1.0
16105.0,249,1,336.96,336.96,336.96,0,1.0
16106.0,66,1,108.38,108.38,108.38,0,1.0
16107.0,18,7,3204.1600000000003,457.7371428571429,3204.1600000000003,165,0.04216867469879518
16108.0,85,1,842.5,842.5,842.5,0,1.0
16109.0,219,2,611.88,305.94,611.88,89,0.022222222222222223
16110.0,45,3,1320.95,440.31666666666666,1320.95,266,0.011235955056179775
16112.0,143,4,195.73999999999998,48.934999999999995,195.73999999999998,195,0.02040816326530612
16113.0,183,1,161.38,161.38,161.38,0,1.0
16114.0,171,1,135.75000000000003,135.75000000000003,135.75000000000003,0,1.0
16115.0,10,8,1660.8799999999999,207.60999999999999,1660.8799999999999,282,0.028268551236749116
16116.0,212,1,612.78,612.78,612.78,0,1.0
16117.0,190,1,232.21,232.21,232.21,0,1.0
16119.0,8,2,423.36,211.68,423.36,64,0.03076923076923077
16120.0,59,4,1309.14,327.285,1309.14,0,4.0
16121.0,57,2,854.66,427.33,854.66,158,0.012578616352201259
16122.0,73,4,684.4200000000001,171.10500000000002,684.4200000000001,293,0.013605442176870748
16123.0,52,1,307.78,307.78,307.78,0,1.0
16124.0,317,1,249.0,249.0,249.0,0,1.0
16125.0,367,1,289.35,289.35,289.35,0,1.0
16126.0,29,4,6287.77,1571.9425,6287.77,267,0.014925373134328358
16127.0,39,1,656.25,656.25,656.25,0,1.0
16128.0,18,5,1880.22,376.044,1880.22,264,0.018867924528301886
16131.0,52,6,3506.54,584.4233333333333,3506.54,188,0.031746031746031744
16133.0,4,33,14589.04,442.09212121212124,14589.04,314,0.10476190476190476
16134.0,22,2,618.09,309.045,618.09,337,0.005917159763313609
16135.0,263,1,517.55,517.55,517.55,0,1.0
16136.0,60,3,709.38,236.46,709.38,217,0.013761467889908258
16139.0,19,3,635.41,211.8033333333333,635.41,187,0.015957446808510637
16140.0,66,2,725.18,362.59,725.18,305,0.006535947712418301
16141.0,88,1,620.4,620.4,620.4,0,1.0
16142.0,250,1,535.34,535.34,535.34,0,1.0
16143.0,3,6,2424.94,404.1566666666667,2424.94,365,0.01639344262295082
16144.0,247,1,175.2,175.2,175.2,0,1.0
16145.0,9,11,3799.4900000000002,345.40818181818184,3799.4900000000002,351,0.03125
16146.0,157,3,734.13,244.71,734.13,74,0.04
16147.0,134,1,375.0,375.0,375.0,0,1.0
16148.0,296,1,76.32000000000001,76.32000000000001,76.32000000000001,0,1.0
16149.0,5,2,280.52,140.26,280.52,137,0.014492753623188406
16150.0,43,5,2053.02,410.604,2053.02,329,0.015151515151515152
16152.0,269,1,1829.04,1829.04,1829.04,0,1.0
16153.0,50,5,1824.23,364.846,1824.23,305,0.016339869281045753
16156.0,9,9,3092.04,343.56,3092.04,302,0.0297029702970297
16157.0,16,3,656.69,218.89666666666668,656.69,56,0.05263157894736842
16159.0,282,1,348.2,348.2,348.2,0,1.0
16160.0,65,2,1025.44,512.72,1025.44,20,0.09523809523809523
16161.0,2,19,5533.67,291.2457894736842,5533.67,367,0.051630434782608696
16162.0,252,1,37.4,37.4,37.4,0,1.0
16163.0,232,2,856.6,428.3,856.6,132,0.015037593984962405
16164.0,17,3,822.48,274.16,822.48,25,0.11538461538461539
16168.0,11,27,3787.6,140.28148148148148,3787.6,359,0.075
16169.0,8,4,1822.97,455.7425,1822.97,67,0.058823529411764705
16170.0,51,6,1885.05,314.175,1885.05,197,0.030303030303030304
16171.0,59,1,73.2,73.2,73.2,0,1.0
16172.0,95,5,1140.21,228.042,1140.21,146,0.034013605442176874
16173.0,16,6,1418.32,236.38666666666666,1418.32,82,0.07228915662650602
16174.0,126,3,1009.5500000000001,336.5166666666667,1009.5500000000001,25,0.11538461538461539
16175.0,94,4,1037.59,259.3975,1037.59,145,0.0273972602739726
16177.0,50,1,331.95,331.95,331.95,0,1.0
16178.0,138,1,197.9,197.9,197.9,0,1.0
16179.0,61,1,215.83,215.83,215.83,0,1.0
16180.0,100,8,10254.18,1281.7725,10254.18,152,0.05228758169934641
16181.0,73,1,305.54,305.54,305.54,0,1.0
16182.0,72,4,6617.65,1654.4125,6617.65,222,0.017937219730941704
16183.0,67,1,338.71000000000004,338.71000000000004,338.71000000000004,0,1.0
16184.0,64,6,1158.79,193.13166666666666,1158.79,147,0.04054054054054054
16185.0,17,2,529.41,264.705,529.41,215,0.009259259259259259
16186.0,23,12,4006.94,333.9116666666667,4006.94,349,0.03428571428571429
16187.0,32,15,6911.4400000000005,460.7626666666667,6911.4400000000005,252,0.05928853754940711
16188.0,45,4,981.86,245.465,981.86,198,0.020100502512562814
16189.0,16,2,215.48,107.74,215.48,69,0.02857142857142857
16190.0,40,1,215.08,215.08,215.08,0,1.0
16191.0,3,13,5180.52,398.5015384615385,5180.52,357,0.036312849162011177
16193.0,237,1,314.45,314.45,314.45,0,1.0
16198.0,75,1,400.68100000000004,400.68100000000004,400.68100000000004,0,1.0
16200.0,4,2,1068.8700000000001,534.4350000000001,1068.8700000000001,159,0.0125
16201.0,3,4,1863.47,465.8675,1863.47,106,0.037383177570093455
16202.0,361,1,365.27,365.27,365.27,0,1.0
16203.0,59,4,592.9,148.225,592.9,313,0.012738853503184714
16204.0,23,1,384.18,384.18,384.18,0,1.0
16205.0,31,4,757.63,189.4075,757.63,148,0.026845637583892617
16206.0,55,4,537.0600000000001,134.26500000000001,537.0600000000001,272,0.014652014652014652
16207.0,25,1,394.38,394.38,394.38,0,1.0
16208.0,45,2,664.26,332.13,664.26,244,0.00816326530612245
16209.0,89,5,2262.62,452.524,2262.62,157,0.03164556962025317
16210.0,2,18,21086.3,1171.461111111111,21086.3,372,0.04825737265415549
16211.0,89,1,547.02,547.02,547.02,0,1.0
16212.0,19,2,690.34,345.17,690.34,264,0.007547169811320755
16213.0,79,1,159.0,159.0,159.0,0,1.0
16214.0,171,3,1062.75,354.25,1062.75,98,0.030303030303030304
16215.0,81,1,242.35,242.35,242.35,0,1.0
16216.0,267,1,914.9300000000001,914.9300000000001,914.9300000000001,0,1.0
16217.0,235,2,304.25,152.125,304.25,46,0.0425531914893617
16218.0,30,7,3084.68,440.6685714285714,3084.68,343,0.020348837209302327
16221.0,37,3,860.86,286.9533333333333,860.86,330,0.00906344410876133
16222.0,318,1,773.5500000000001,773.5500000000001,773.5500000000001,0,1.0
16224.0,57,4,1295.3,323.825,1295.3,192,0.02072538860103627
16225.0,45,5,1096.32,219.26399999999998,1096.32,232,0.02145922746781116
16226.0,203,3,255.12,85.04,255.12,32,0.09090909090909091
16227.0,225,1,314.22,314.22,314.22,0,1.0
16229.0,87,2,1010.6,505.3,1010.6,125,0.015873015873015872
16230.0,190,2,542.03,271.015,542.03,30,0.06451612903225806
16232.0,44,4,990.88,247.72,990.88,171,0.023255813953488372
16233.0,71,3,536.6800000000001,178.89333333333335,536.6800000000001,295,0.010135135135135136
16235.0,41,5,867.31,173.462,867.31,291,0.017123287671232876
16236.0,78,1,432.2,432.2,432.2,0,1.0
16239.0,57,2,414.2,207.1,414.2,132,0.015037593984962405
16240.0,24,2,3718.8,1859.4,3718.8,53,0.037037037037037035
16241.0,10,13,2590.31,199.2546153846154,2590.31,360,0.036011080332409975
16242.0,8,7,3579.86,511.40857142857146,3579.86,268,0.026022304832713755
16243.0,34,2,409.1,204.55,409.1,21,0.09090909090909091
16244.0,212,2,1522.75,761.375,1522.75,160,0.012422360248447204
16245.0,24,3,1413.66,471.22,1413.66,233,0.01282051282051282
16247.0,170,1,114.56,114.56,114.56,0,1.0
16248.0,62,1,152.94,152.94,152.94,0,1.0
16249.0,53,5,1800.07,360.014,1800.07,186,0.026737967914438502
16250.0,261,2,389.44,194.72,389.44,112,0.017699115044247787
16253.0,67,2,3683.86,1841.93,3683.86,188,0.010582010582010581
16255.0,17,8,2619.91,327.48875,2619.91,348,0.022922636103151862
16256.0,267,1,752.4300000000001,752.4300000000001,752.4300000000001,0,1.0
16257.0,177,1,46.95,46.95,46.95,0,1.0
16258.0,45,5,5203.51,1040.702,5203.51,173,0.028735632183908046
16260.0,51,1,1035.45,1035.45,1035.45,0,1.0
16261.0,17,4,728.54,182.135,728.54,228,0.017467248908296942
16265.0,9,9,5447.0,605.2222222222222,5447.0,355,0.025280898876404494
16266.0,74,7,861.89,123.12714285714286,861.89,132,0.05263157894736842
16268.0,71,2,667.65,333.825,667.65,0,2.0
16270.0,353,1,1141.24,1141.24,1141.24,0,1.0
16271.0,3,5,1404.64,280.928,1404.64,355,0.014044943820224719
16272.0,117,1,411.7,411.7,411.7,0,1.0
16274.0,373,1,351.75,351.75,351.75,0,1.0
16275.0,197,1,559.87,559.87,559.87,0,1.0
16276.0,177,1,810.6000000000001,810.6000000000001,810.6000000000001,0,1.0
16278.0,100,1,566.38,566.38,566.38,0,1.0
16279.0,21,3,1502.78,500.9266666666667,1502.78,155,0.019230769230769232
16281.0,72,1,2062.06,2062.06,2062.06,0,1.0
16282.0,340,1,168.3,168.3,168.3,0,1.0
16283.0,6,5,1570.81,314.162,1570.81,202,0.024630541871921183
16284.0,31,2,812.68,406.34,812.68,19,0.1
16287.0,170,1,142.5,142.5,142.5,0,1.0
16292.0,122,1,302.25,302.25,302.25,0,1.0
16293.0,22,10,2248.9900000000002,224.89900000000003,2248.9900000000002,345,0.028901734104046242
16295.0,10,4,1328.55,332.1375,1328.55,54,0.07272727272727272
16297.0,269,1,301.9,301.9,301.9,0,1.0
16298.0,23,3,598.2,199.4,598.2,164,0.01818181818181818
16302.0,127,1,233.22,233.22,233.22,0,1.0
16303.0,26,3,5360.63,1786.8766666666668,5360.63,307,0.00974025974025974
16305.0,139,1,361.21999999999997,361.21999999999997,361.21999999999997,0,1.0
16306.0,214,6,632.27,105.37833333333333,632.27,153,0.03896103896103896
16308.0,38,4,2560.0,640.0,2560.0,223,0.017857142857142856
16309.0,106,2,706.57,353.285,706.57,134,0.014814814814814815
16311.0,18,2,616.26,308.13,616.26,31,0.0625
16313.0,3,2,274.15000000000003,137.07500000000002,274.15000000000003,46,0.0425531914893617
16315.0,331,1,226.37,226.37,226.37,0,1.0
16316.0,64,8,2938.91,367.36375,2938.91,293,0.027210884353741496
16317.0,120,3,1341.65,447.2166666666667,1341.65,177,0.016853932584269662
16318.0,35,1,328.15,328.15,328.15,0,1.0
16319.0,218,1,404.40000000000003,404.40000000000003,404.40000000000003,0,1.0
16320.0,172,2,1038.46,519.23,1038.46,40,0.04878048780487805
16321.0,72,5,373.65000000000003,74.73,373.65000000000003,251,0.01984126984126984
16322.0,1,2,326.75,163.375,326.75,35,0.05555555555555555
16323.0,196,1,207.50000000000003,207.50000000000003,207.50000000000003,0,1.0
16324.0,128,3,408.59000000000003,136.1966666666667,408.59000000000003,48,0.061224489795918366
16325.0,47,3,594.24,198.08,594.24,198,0.01507537688442211
16326.0,6,14,3039.2200000000003,217.08714285714288,3039.2200000000003,328,0.0425531914893617
16327.0,14,6,3820.27,636.7116666666667,3820.27,355,0.016853932584269662
16330.0,18,3,251.91,83.97,251.91,94,0.031578947368421054
16332.0,28,7,1582.8,226.1142857142857,1582.8,277,0.025179856115107913
16333.0,8,22,26626.8,1210.3090909090909,26626.8,302,0.07260726072607261
16337.0,37,1,151.05,151.05,151.05,0,1.0
16338.0,157,1,214.79999999999998,214.79999999999998,214.79999999999998,0,1.0
16339.0,284,1,94.05,94.05,94.05,0,1.0
16340.0,107,1,534.31,534.31,534.31,0,1.0
16341.0,25,4,1971.87,492.9675,1971.87,176,0.022598870056497175
16342.0,75,4,322.41,80.6025,322.41,104,0.0380952380952381
16343.0,16,2,328.58,164.29,328.58,0,2.0
16344.0,158,1,101.10000000000001,101.10000000000001,101.10000000000001,0,1.0
16345.0,44,1,565.46,565.46,565.46,0,1.0
16347.0,11,2,847.45,423.725,847.45,25,0.07692307692307693
16348.0,32,7,1415.65,202.2357142857143,1415.65,207,0.03365384615384615
16349.0,291,1,53.5,53.5,53.5,0,1.0
16350.0,21,4,1116.47,279.1175,1116.47,312,0.012779552715654952
16351.0,333,1,153.9,153.9,153.9,0,1.0
16352.0,18,2,494.44,247.22,494.44,20,0.09523809523809523
16353.0,4,23,6675.71,290.24826086956523,6675.71,366,0.06267029972752043
16354.0,63,2,395.8,197.9,395.8,9,0.2
16356.0,198,3,211.77,70.59,211.77,79,0.0375
16357.0,33,3,658.88,219.62666666666667,658.88,180,0.016574585635359115
16358.0,1,4,2027.5,506.875,2027.5,183,0.021739130434782608
16359.0,7,9,1750.92,194.54666666666668,1750.92,324,0.027692307692307693
16360.0,5,6,3450.41,575.0683333333333,3450.41,83,0.07142857142857142
16361.0,10,4,891.21,222.8025,891.21,61,0.06451612903225806
16362.0,32,5,709.99,141.998,709.99,58,0.0847457627118644
16363.0,53,1,109.36000000000001,109.36000000000001,109.36000000000001,0,1.0
16364.0,12,2,705.79,352.895,705.79,125,0.015873015873015872
16365.0,18,9,1540.42,171.1577777777778,1540.42,349,0.025714285714285714
16366.0,19,1,327.3,327.3,327.3,0,1.0
16367.0,37,2,800.67,400.335,800.67,325,0.006134969325153374
16368.0,2,2,479.91,239.955,479.91,25,0.07692307692307693
16369.0,18,3,1545.41,515.1366666666667,1545.41,178,0.01675977653631285
16370.0,82,4,1301.91,325.4775,1301.91,142,0.027972027972027972
16372.0,33,2,355.73,177.865,355.73,0,2.0
16374.0,66,2,466.73,233.365,466.73,196,0.01015228426395939
16376.0,9,2,974.96,487.48,974.96,8,0.2222222222222222
16377.0,267,1,676.2,676.2,676.2,0,1.0
16378.0,247,3,362.95,120.98333333333333,362.95,63,0.046875
16379.0,4,4,2157.4,539.35,2157.4,74,0.05333333333333334
16380.0,61,1,1743.1499999999999,1743.1499999999999,1743.1499999999999,0,1.0
16383.0,75,2,643.76,321.88,643.76,193,0.010309278350515464
16384.0,90,2,584.5,292.25,584.5,174,0.011428571428571429
16385.0,60,3,554.86,184.95333333333335,554.86,306,0.009771986970684038
16386.0,29,2,302.57,151.285,302.57,225,0.008849557522123894
16387.0,323,1,94.36,94.36,94.36,0,1.0
16389.0,53,4,1382.07,345.5175,1382.07,229,0.017391304347826087
16392.0,270,1,217.89,217.89,217.89,0,1.0
16393.0,2,13,3040.96,233.92000000000002,3040.96,366,0.035422343324250684
16394.0,57,5,1555.34,311.068,1555.34,232,0.02145922746781116
16395.0,61,5,1482.06,296.412,1482.06,270,0.01845018450184502
16398.0,154,2,1705.8,852.9,1705.8,99,0.02
16399.0,19,2,408.02,204.01,408.02,216,0.009216589861751152
16400.0,95,1,303.93,303.93,303.93,0,1.0
16401.0,1,12,4098.32,341.52666666666664,4098.32,326,0.03669724770642202
16402.0,265,2,293.45,146.725,293.45,104,0.01904761904761905
16403.0,312,1,177.5,177.5,177.5,0,1.0
16404.0,70,1,443.05,443.05,443.05,0,1.0
16405.0,302,2,167.25,83.625,167.25,7,0.25
16406.0,19,1,154.35,154.35,154.35,0,1.0
16407.0,13,10,2079.68,207.968,2079.68,299,0.03333333333333333
16409.0,36,5,2022.98,404.596,2022.98,281,0.01773049645390071
16411.0,19,2,211.7,105.85,211.7,349,0.005714285714285714
16412.0,54,1,135.99,135.99,135.99,0,1.0
16413.0,57,1,262.2,262.2,262.2,0,1.0
16414.0,22,2,126.25,63.125,126.25,258,0.007722007722007722
16415.0,44,1,200.27,200.27,200.27,0,1.0
16416.0,27,3,1051.4,350.4666666666667,1051.4,29,0.1
16418.0,45,3,631.12,210.37333333333333,631.12,181,0.016483516483516484
16419.0,113,6,958.71,159.785,958.71,199,0.03
16422.0,17,51,34684.4,680.086274509804,34684.4,351,0.14488636363636365
16423.0,25,1,346.12,346.12,346.12,0,1.0
16424.0,191,1,133.56,133.56,133.56,0,1.0
16425.0,302,1,302.7,302.7,302.7,0,1.0
16426.0,2,10,1863.76,186.376,1863.76,273,0.0364963503649635
16427.0,263,2,241.06,120.53,241.06,21,0.09090909090909091
16429.0,106,1,284.55,284.55,284.55,0,1.0
16430.0,57,1,300.85,300.85,300.85,0,1.0
16431.0,213,3,623.28,207.76,623.28,84,0.03529411764705882
16432.0,64,1,287.4,287.4,287.4,0,1.0
16433.0,28,1,184.26,184.26,184.26,0,1.0
16434.0,29,7,1511.8,215.97142857142856,1511.8,270,0.025830258302583026
16438.0,6,5,798.35,159.67000000000002,798.35,76,0.06493506493506493
16440.0,8,5,3640.67,728.134,3640.67,206,0.024154589371980676
16441.0,67,2,381.2,190.6,381.2,224,0.008888888888888889
16442.0,2,3,609.3,203.1,609.3,359,0.008333333333333333
16444.0,46,4,654.67,163.6675,654.67,218,0.0182648401826484
16445.0,34,1,230.51,230.51,230.51,0,1.0
16446.0,1,2,168472.5,84236.25,168472.5,204,0.00975609756097561
16447.0,136,1,255.91,255.91,255.91,0,1.0
16448.0,198,1,182.99,182.99,182.99,0,1.0
16449.0,198,2,707.69,353.845,707.69,82,0.024096385542168676
16450.0,150,1,311.92,311.92,311.92,0,1.0
16451.0,88,1,266.97,266.97,266.97,0,1.0
16454.0,45,2,6.9,3.45,6.9,19,0.1
16455.0,64,7,1841.18,263.0257142857143,1841.18,307,0.022727272727272728
16456.0,99,5,2158.18,431.63599999999997,2158.18,273,0.01824817518248175
16457.0,218,1,208.36,208.36,208.36,0,1.0
16458.0,3,18,3482.7400000000002,193.48555555555558,3482.7400000000002,357,0.05027932960893855
16460.0,28,3,811.23,270.41,811.23,53,0.05555555555555555
16461.0,178,1,142.92,142.92,142.92,0,1.0
16462.0,74,3,136.0,45.333333333333336,136.0,210,0.014218009478672985
16463.0,21,4,1422.4,355.6,1422.4,182,0.02185792349726776
16464.0,20,3,1298.66,432.8866666666667,1298.66,122,0.024390243902439025
16466.0,34,7,1595.96,227.99428571428572,1595.96,258,0.02702702702702703
16468.0,74,1,74.9,74.9,74.9,0,1.0
16469.0,24,4,625.42,156.355,625.42,222,0.017937219730941704
16470.0,52,4,752.77,188.1925,752.77,307,0.012987012987012988
16471.0,275,1,223.95000000000002,223.95000000000002,223.95000000000002,0,1.0
16473.0,165,3,316.11,105.37,316.11,171,0.01744186046511628
16474.0,7,7,1810.65,258.6642857142857,1810.65,137,0.050724637681159424
16475.0,88,4,544.3,136.075,544.3,185,0.021505376344086023
16477.0,64,7,2494.46,356.3514285714286,2494.46,307,0.022727272727272728
16478.0,25,3,331.0,110.33333333333333,331.0,40,0.07317073170731707
16479.0,10,2,300.83,150.415,300.83,0,2.0
16480.0,76,1,769.29,769.29,769.29,0,1.0
16482.0,16,1,220.62,220.62,220.62,0,1.0
16483.0,192,1,139.35,139.35,139.35,0,1.0
16484.0,174,2,404.3,202.15,404.3,17,0.1111111111111111
16485.0,77,1,363.65,363.65,363.65,0,1.0
16488.0,33,3,498.8,166.26666666666668,498.8,115,0.02586206896551724
16491.0,47,1,731.5,731.5,731.5,0,1.0
16493.0,80,4,1351.63,337.9075,1351.63,250,0.01593625498007968
16494.0,297,1,826.53,826.53,826.53,0,1.0
16495.0,3,3,648.26,216.08666666666667,648.26,272,0.01098901098901099
16496.0,9,3,1599.52,533.1733333333333,1599.52,308,0.009708737864077669
16497.0,50,6,2965.69,494.2816666666667,2965.69,283,0.02112676056338028
16498.0,161,2,100.97,50.485,100.97,0,2.0
16499.0,360,2,365.45,182.725,365.45,4,0.4
16500.0,5,6,400.86,66.81,400.86,326,0.01834862385321101
16503.0,107,4,1431.93,357.9825,1431.93,253,0.015748031496062992
16504.0,25,1,465.88,465.88,465.88,0,1.0
16505.0,32,1,777.6,777.6,777.6,0,1.0
16506.0,20,2,90.30000000000001,45.150000000000006,90.30000000000001,20,0.09523809523809523
16509.0,297,1,363.7,363.7,363.7,0,1.0
16510.0,372,1,248.1,248.1,248.1,0,1.0
16511.0,22,3,918.33,306.11,918.33,244,0.012244897959183673
16513.0,5,4,874.59,218.6475,874.59,38,0.10256410256410256
16515.0,52,5,1624.14,324.82800000000003,1624.14,259,0.019230769230769232
16516.0,30,1,101.69999999999999,101.69999999999999,101.69999999999999,0,1.0
16517.0,277,1,162.7,162.7,162.7,0,1.0
16518.0,61,2,484.32,242.16,484.32,222,0.008968609865470852
16519.0,25,2,215.07999999999998,107.53999999999999,215.07999999999998,340,0.005865102639296188
16520.0,186,3,1046.57,348.8566666666666,1046.57,179,0.016666666666666666
16523.0,2,21,9418.470000000001,448.4985714285715,9418.470000000001,313,0.06687898089171974
16525.0,2,26,13027.45,501.0557692307693,13027.45,364,0.07123287671232877
16526.0,172,1,290.36,290.36,290.36,0,1.0
16527.0,81,1,228.06,228.06,228.06,0,1.0
16528.0,4,1,244.41,244.41,244.41,0,1.0
16529.0,190,1,455.25,455.25,455.25,0,1.0
16531.0,22,7,1244.59,177.79857142857142,1244.59,338,0.02064896755162242
16532.0,18,3,6748.8,2249.6,6748.8,320,0.009345794392523364
16533.0,19,3,1082.81,360.93666666666667,1082.81,48,0.061224489795918366
16535.0,5,1,593.75,593.75,593.75,0,1.0
16536.0,110,1,548.12,548.12,548.12,0,1.0
16539.0,3,4,1388.81,347.2025,1388.81,370,0.01078167115902965
16542.0,54,1,119.62,119.62,119.62,0,1.0
16545.0,165,1,339.3,339.3,339.3,0,1.0
16546.0,291,2,787.15,393.575,787.15,81,0.024390243902439025
16549.0,10,10,4034.9,403.49,4034.9,324,0.03076923076923077
16550.0,109,5,2298.97,459.794,2298.97,259,0.019230769230769232
16551.0,96,3,922.12,307.37333333333333,922.12,240,0.012448132780082987
16552.0,243,2,379.73,189.865,379.73,130,0.015267175572519083
16553.0,163,12,5719.82,476.65166666666664,5719.82,197,0.06060606060606061
16554.0,42,3,837.1,279.03333333333336,837.1,289,0.010344827586206896
16555.0,35,2,285.89,142.945,285.89,74,0.02666666666666667
16556.0,67,7,3313.79,473.3985714285714,3313.79,293,0.023809523809523808
16557.0,24,2,281.85,140.925,281.85,113,0.017543859649122806
16558.0,1,20,8338.49,416.92449999999997,8338.49,365,0.0546448087431694
16560.0,27,2,841.41,420.705,841.41,331,0.006024096385542169
16561.0,6,2,511.12,255.56,511.12,54,0.03636363636363636
16563.0,54,1,1077.74,1077.74,1077.74,0,1.0
16565.0,364,1,173.7,173.7,173.7,0,1.0
16566.0,15,5,614.66,122.93199999999999,614.66,277,0.017985611510791366
16567.0,194,2,865.6,432.8,865.6,142,0.013986013986013986
16569.0,3,1,124.2,124.2,124.2,0,1.0
16570.0,15,10,3738.4,373.84000000000003,3738.4,296,0.03367003367003367
16571.0,27,3,1421.69,473.8966666666667,1421.69,255,0.01171875
16572.0,127,3,1009.6,336.53333333333336,1009.6,148,0.020134228187919462
16573.0,85,2,663.61,331.805,663.61,205,0.009708737864077669
16574.0,71,1,451.44,451.44,451.44,0,1.0
16581.0,183,1,105.84,105.84,105.84,0,1.0
16582.0,113,1,313.62,313.62,313.62,0,1.0
16583.0,374,1,233.45,233.45,233.45,0,1.0
16584.0,80,2,936.08,468.04,936.08,174,0.011428571428571429
16586.0,249,1,463.95,463.95,463.95,0,1.0
16587.0,232,1,225.15,225.15,225.15,0,1.0
16589.0,71,3,459.24,153.08,459.24,90,0.03296703296703297
16591.0,69,1,213.5,213.5,213.5,0,1.0
16592.0,4,16,4113.68,257.105,4113.68,283,0.056338028169014086
16593.0,51,3,330.03,110.00999999999999,330.03,277,0.01079136690647482
16594.0,75,1,181.09,181.09,181.09,0,1.0
16595.0,61,1,360.16,360.16,360.16,0,1.0
16596.0,16,2,250.15,125.075,250.15,350,0.005698005698005698
16597.0,4,1,90.04,90.04,90.04,0,1.0
16598.0,286,1,145.04999999999998,145.04999999999998,145.04999999999998,0,1.0
16600.0,4,6,813.52,135.58666666666667,813.52,334,0.01791044776119403
16601.0,41,1,242.7,242.7,242.7,0,1.0
16602.0,36,1,528.08,528.08,528.08,0,1.0
16603.0,75,2,482.47,241.235,482.47,16,0.11764705882352941
16607.0,18,14,3347.71,239.12214285714285,3347.71,341,0.04093567251461988
16609.0,15,7,5493.46,784.78,5493.46,237,0.029411764705882353
16610.0,219,1,75.66,75.66,75.66,0,1.0
16611.0,186,1,129.49,129.49,129.49,0,1.0
16612.0,33,4,1187.66,296.915,1187.66,278,0.014336917562724014
16613.0,70,1,618.59,618.59,618.59,0,1.0
16614.0,183,1,506.19,506.19,506.19,0,1.0
16616.0,15,2,500.42,250.21,500.42,142,0.013986013986013986
16617.0,236,1,151.85,151.85,151.85,0,1.0
16618.0,31,5,2647.59,529.518,2647.59,291,0.017123287671232876
16619.0,264,1,226.21,226.21,226.21,0,1.0
16620.0,4,2,178.96,89.48,178.96,257,0.007751937984496124
16621.0,52,4,813.48,203.37,813.48,226,0.01762114537444934
16623.0,246,1,129.45,129.45,129.45,0,1.0
16624.0,81,2,810.5699999999999,405.28499999999997,810.5699999999999,116,0.017094017094017096
16625.0,275,1,333.08,333.08,333.08,0,1.0
16626.0,1,17,4413.1,259.59411764705885,4413.1,265,0.06390977443609022
16627.0,79,1,322.8,322.8,322.8,0,1.0
16628.0,30,5,2188.05,437.61,2188.05,205,0.024271844660194174
16629.0,74,2,408.63,204.315,408.63,22,0.08695652173913043
16633.0,17,6,2883.1,480.51666666666665,2883.1,216,0.027649769585253458
16634.0,223,2,217.9,108.95,217.9,149,0.013333333333333334
16637.0,32,4,1154.47,288.6175,1154.47,193,0.020618556701030927
16638.0,23,10,1680.72,168.072,1680.72,346,0.02881844380403458
16639.0,31,3,1257.51,419.17,1257.51,204,0.014634146341463415
16641.0,106,1,231.10000000000002,231.10000000000002,231.10000000000002,0,1.0
16642.0,5,2,688.33,344.165,688.33,202,0.009852216748768473
16643.0,246,1,487.51,487.51,487.51,0,1.0
16644.0,178,2,833.78,416.89,833.78,34,0.05714285714285714
16647.0,170,2,214.06,107.03,214.06,35,0.05555555555555555
16648.0,43,1,290.65999999999997,290.65999999999997,290.65999999999997,0,1.0
16650.0,72,1,518.42,518.42,518.42,0,1.0
16652.0,59,7,6773.97,967.71,6773.97,214,0.03255813953488372
16653.0,16,2,1212.66,606.33,1212.66,55,0.03571428571428571
16654.0,141,4,601.27,150.3175,601.27,227,0.017543859649122806
16655.0,18,6,3789.52,631.5866666666667,3789.52,314,0.01904761904761905
16656.0,22,15,8625.8,575.0533333333333,8625.8,342,0.043731778425655975
16657.0,10,4,874.43,218.6075,874.43,244,0.0163265306122449
16658.0,368,1,123.24,123.24,123.24,0,1.0
16659.0,189,1,39.12,39.12,39.12,0,1.0
16660.0,16,4,1267.6499999999999,316.91249999999997,1267.6499999999999,303,0.013157894736842105
16665.0,362,1,135.39999999999998,135.39999999999998,135.39999999999998,0,1.0
16666.0,19,1,118.98,118.98,118.98,0,1.0
16667.0,68,2,567.1800000000001,283.59000000000003,567.1800000000001,216,0.009216589861751152
16668.0,15,6,306.71999999999997,51.12,306.71999999999997,269,0.022222222222222223
16669.0,24,3,1348.88,449.6266666666667,1348.88,54,0.05454545454545454
16670.0,17,11,4095.9,372.3545454545455,4095.9,341,0.03216374269005848
16671.0,28,3,1692.27,564.09,1692.27,136,0.021897810218978103
16672.0,2,20,8134.9400000000005,406.747,8134.9400000000005,264,0.07547169811320754
16674.0,55,2,304.24,152.12,304.24,43,0.045454545454545456
16676.0,34,4,1592.1200000000001,398.03000000000003,1592.1200000000001,303,0.013157894736842105
16678.0,3,12,3109.99,259.1658333333333,3109.99,280,0.042704626334519574
16679.0,366,1,129.75,129.75,129.75,0,1.0
16680.0,43,1,183.7,183.7,183.7,0,1.0
16681.0,73,6,1770.34,295.0566666666667,1770.34,180,0.03314917127071823
16682.0,5,5,1028.0,205.6,1028.0,183,0.02717391304347826
16684.0,4,28,66653.56,2380.4842857142858,66653.56,353,0.07909604519774012
16685.0,61,2,324.24,162.12,324.24,0,2.0
16686.0,47,7,2959.88,422.84000000000003,2959.88,307,0.022727272727272728
16688.0,1,4,1260.86,315.215,1260.86,59,0.06666666666666667
16689.0,76,2,422.59999999999997,211.29999999999998,422.59999999999997,6,0.2857142857142857
16690.0,72,2,225.57999999999998,112.78999999999999,225.57999999999998,129,0.015384615384615385
16692.0,256,2,1276.0,638.0,1276.0,32,0.06060606060606061
16693.0,69,2,477.86,238.93,477.86,203,0.00980392156862745
16696.0,135,4,657.9000000000001,164.47500000000002,657.9000000000001,112,0.035398230088495575
16697.0,241,1,112.75,112.75,112.75,0,1.0
16698.0,227,2,1998.0,999.0,1998.0,26,0.07407407407407407
16700.0,9,13,5076.55,390.50384615384615,5076.55,357,0.036312849162011177
16701.0,9,13,5398.3,415.25384615384615,5398.3,352,0.036827195467422094
16705.0,1,20,14034.99,701.7495,14034.99,358,0.055710306406685235
16706.0,37,3,531.35,177.11666666666667,531.35,76,0.03896103896103896
16708.0,46,1,656.63,656.63,656.63,0,1.0
16709.0,85,5,3029.87,605.9739999999999,3029.87,197,0.025252525252525252
16710.0,19,10,2467.99,246.79899999999998,2467.99,349,0.02857142857142857
16711.0,3,5,1651.03,330.206,1651.03,354,0.014084507042253521
16712.0,9,11,3611.31,328.3009090909091,3611.31,266,0.04119850187265917
16713.0,19,15,6910.78,460.71866666666665,6910.78,347,0.04310344827586207
16714.0,219,3,1129.06,376.3533333333333,1129.06,98,0.030303030303030304
16715.0,78,1,301.71999999999997,301.71999999999997,301.71999999999997,0,1.0
16716.0,267,2,901.2,450.6,901.2,44,0.044444444444444446
16717.0,24,6,3843.08,640.5133333333333,3843.08,342,0.01749271137026239
16718.0,369,1,606.0500000000001,606.0500000000001,606.0500000000001,0,1.0
16719.0,15,7,1770.22,252.88857142857142,1770.22,353,0.01977401129943503
16720.0,26,1,152.95,152.95,152.95,0,1.0
16721.0,262,1,292.47,292.47,292.47,0,1.0
16722.0,17,13,4730.81,363.90846153846155,4730.81,351,0.036931818181818184
16723.0,91,2,576.4,288.2,576.4,16,0.11764705882352941
16725.0,302,7,758.27,108.32428571428571,758.27,69,0.1
16726.0,26,5,1358.74,271.748,1358.74,335,0.01488095238095238
16727.0,364,1,256.32,256.32,256.32,0,1.0
16728.0,46,4,1048.28,262.07,1048.28,218,0.0182648401826484
16729.0,38,21,7205.33,343.11095238095237,7205.33,203,0.10294117647058823
16730.0,52,3,743.11,247.70333333333335,743.11,267,0.011194029850746268
16732.0,32,1,603.75,603.75,603.75,0,1.0
16734.0,52,3,646.76,215.58666666666667,646.76,61,0.04838709677419355
16735.0,79,5,2247.41,449.48199999999997,2247.41,255,0.01953125
16737.0,53,1,417.59999999999997,417.59999999999997,417.59999999999997,0,1.0
16738.0,298,1,3.75,3.75,3.75,0,1.0
16739.0,177,1,323.0,323.0,323.0,0,1.0
16742.0,47,1,464.9,464.9,464.9,0,1.0
16743.0,29,7,2213.13,316.1614285714286,2213.13,329,0.021212121212121213
16744.0,11,7,1291.91,184.55857142857144,1291.91,161,0.043209876543209874
16745.0,87,17,7180.7,422.3941176470588,7180.7,225,0.0752212389380531
16746.0,5,18,6680.11,371.1172222222222,6680.11,354,0.05070422535211268
16747.0,38,2,836.06,418.03,836.06,30,0.06451612903225806
16748.0,18,5,1515.9,303.18,1515.9,316,0.015772870662460567
16750.0,45,5,623.93,124.78599999999999,623.93,187,0.026595744680851064
16751.0,31,1,1764.72,1764.72,1764.72,0,1.0
16752.0,373,1,207.5,207.5,207.5,0,1.0
16753.0,58,1,223.92000000000002,223.92000000000002,223.92000000000002,0,1.0
16754.0,372,1,2002.4,2002.4,2002.4,0,1.0
16755.0,114,3,1475.43,491.81,1475.43,201,0.01485148514851485
16756.0,215,1,239.4,239.4,239.4,0,1.0
16757.0,319,1,106.83000000000001,106.83000000000001,106.83000000000001,0,1.0
16758.0,65,1,369.34000000000003,369.34000000000003,369.34000000000003,0,1.0
16759.0,8,3,789.79,263.2633333333333,789.79,23,0.125
16761.0,97,1,316.62,316.62,316.62,0,1.0
16762.0,20,3,1207.24,402.41333333333336,1207.24,124,0.024
16763.0,199,1,611.85,611.85,611.85,0,1.0
16764.0,4,13,2790.9500000000003,214.68846153846155,2790.9500000000003,139,0.09285714285714286
16765.0,294,1,34.0,34.0,34.0,0,1.0
16766.0,273,2,1145.6,572.8,1145.6,0,2.0
16767.0,31,11,5575.56,506.86909090909097,5575.56,285,0.038461538461538464
16768.0,48,3,478.09000000000003,159.36333333333334,478.09000000000003,224,0.013333333333333334
16769.0,260,1,361.54,361.54,361.54,0,1.0
16770.0,58,5,757.1,151.42000000000002,757.1,314,0.015873015873015872
16771.0,33,5,2242.61,448.52200000000005,2242.61,304,0.01639344262295082
16773.0,57,1,171.59,171.59,171.59,0,1.0
16774.0,68,4,661.52,165.38,661.52,110,0.036036036036036036
16775.0,10,11,1691.51,153.77363636363637,1691.51,357,0.030726256983240222
16776.0,60,1,371.54,371.54,371.54,0,1.0
16777.0,80,2,222.62,111.31,222.62,176,0.011299435028248588
16778.0,74,2,245.94,122.97,245.94,199,0.01
16779.0,2,22,10611.720000000001,482.35090909090917,10611.720000000001,364,0.06027397260273973
16780.0,100,2,422.24,211.12,422.24,158,0.012578616352201259
16781.0,372,1,311.25,311.25,311.25,0,1.0
16782.0,10,13,2267.9500000000003,174.45769230769233,2267.9500000000003,355,0.03651685393258427
16784.0,20,1,107.6,107.6,107.6,0,1.0
16788.0,123,2,594.39,297.195,594.39,131,0.015151515151515152
16789.0,8,1,80.8,80.8,80.8,0,1.0
16790.0,4,6,1545.6200000000001,257.60333333333335,1545.6200000000001,34,0.17142857142857143
16791.0,29,7,1705.78,243.68285714285713,1705.78,303,0.023026315789473683
16792.0,282,2,110.38000000000001,55.190000000000005,110.38000000000001,0,2.0
16793.0,57,1,243.84,243.84,243.84,0,1.0
16794.0,1,10,1196.5,119.65,1196.5,179,0.05555555555555555
16795.0,365,1,414.88,414.88,414.88,0,1.0
16796.0,89,1,305.62,305.62,305.62,0,1.0
16800.0,11,1,1162.65,1162.65,1162.65,0,1.0
16801.0,163,4,1594.23,398.5575,1594.23,110,0.036036036036036036
16803.0,65,1,332.3,332.3,332.3,0,1.0
16804.0,23,3,536.99,178.99666666666667,536.99,247,0.012096774193548387
16805.0,174,2,460.59,230.295,460.59,186,0.0106951871657754
16806.0,103,4,762.16,190.54,762.16,135,0.029411764705882353
16807.0,143,3,1121.59,373.8633333333333,1121.59,128,0.023255813953488372
16808.0,99,2,288.42,144.21,288.42,175,0.011363636363636364
16809.0,23,5,914.69,182.93800000000002,914.69,239,0.020833333333333332
16810.0,192,1,309.54,309.54,309.54,0,1.0
16811.0,5,2,547.07,273.535,547.07,12,0.15384615384615385
16812.0,361,1,479.35,479.35,479.35,0,1.0
16813.0,8,10,1652.18,165.21800000000002,1652.18,196,0.050761421319796954
16814.0,14,21,6416.7,305.5571428571428,6416.7,355,0.05898876404494382
16816.0,103,4,417.06,104.265,417.06,254,0.01568627450980392
16817.0,3,9,1604.75,178.30555555555554,1604.75,365,0.02459016393442623
16818.0,11,11,3349.57,304.50636363636363,3349.57,194,0.05641025641025641
16820.0,96,1,497.61,497.61,497.61,0,1.0
16823.0,227,1,358.38,358.38,358.38,0,1.0
16824.0,16,2,460.64,230.32,460.64,148,0.013422818791946308
16825.0,39,2,775.1800000000001,387.59000000000003,775.1800000000001,147,0.013513513513513514
16826.0,51,1,341.7,341.7,341.7,0,1.0
16828.0,93,2,128.5,64.25,128.5,19,0.1
16829.0,157,1,197.22,197.22,197.22,0,1.0
16830.0,39,1,325.91,325.91,325.91,0,1.0
16832.0,184,3,199.15,66.38333333333334,199.15,33,0.08823529411764706
16833.0,1,4,1106.53,276.6325,1106.53,333,0.011976047904191617
16834.0,228,1,413.46,413.46,413.46,0,1.0
16835.0,128,2,180.85,90.425,180.85,244,0.00816326530612245
16836.0,40,2,251.87,125.935,251.87,76,0.025974025974025976
16837.0,31,11,3170.98,288.2709090909091,3170.98,214,0.05116279069767442
16838.0,197,2,588.85,294.425,588.85,90,0.02197802197802198
16839.0,9,34,16594.35,488.06911764705876,16594.35,360,0.09418282548476455
16841.0,37,6,1869.82,311.63666666666666,1869.82,250,0.02390438247011952
16842.0,101,3,1264.19,421.3966666666667,1264.19,201,0.01485148514851485
16843.0,43,16,10196.57,637.285625,10196.57,284,0.056140350877192984
16846.0,50,1,214.32,214.32,214.32,0,1.0
16847.0,43,1,193.44,193.44,193.44,0,1.0
16848.0,53,1,281.42,281.42,281.42,0,1.0
16849.0,187,1,124.57,124.57,124.57,0,1.0
16850.0,334,1,332.41,332.41,332.41,0,1.0
16851.0,4,3,342.45,114.14999999999999,342.45,47,0.0625
16852.0,10,2,144.91000000000003,72.45500000000001,144.91000000000003,165,0.012048192771084338
16855.0,24,2,328.4,164.2,328.4,19,0.1
16856.0,15,1,35.400000000000006,35.400000000000006,35.400000000000006,0,1.0
16858.0,369,1,375.69000000000005,375.69000000000005,375.69000000000005,0,1.0
16859.0,145,2,747.81,373.905,747.81,116,0.017094017094017096
16861.0,60,2,173.76,86.88,173.76,98,0.020202020202020204
16863.0,31,2,502.8,251.4,502.8,335,0.005952380952380952
16866.0,141,3,207.73999999999998,69.24666666666666,207.73999999999998,20,0.14285714285714285
16869.0,23,4,817.12,204.28,817.12,152,0.026143790849673203
16871.0,22,6,2812.34,468.72333333333336,2812.34,248,0.024096385542168676
16872.0,77,3,680.02,226.67333333333332,680.02,107,0.027777777777777776
16873.0,5,6,7123.62,1187.27,7123.62,359,0.016666666666666666
16875.0,67,5,2095.53,419.10600000000005,2095.53,272,0.018315018315018316
16877.0,12,6,846.62,141.10333333333332,846.62,195,0.030612244897959183
16878.0,84,1,13.3,13.3,13.3,0,1.0
16880.0,31,7,1491.43,213.0614285714286,1491.43,158,0.0440251572327044
16881.0,67,1,432.0,432.0,432.0,0,1.0
16882.0,67,3,705.12,235.04,705.12,250,0.01195219123505976
16883.0,187,2,272.48,136.24,272.48,184,0.010810810810810811
16884.0,38,2,429.84000000000003,214.92000000000002,429.84000000000003,0,2.0
16885.0,15,3,450.41,150.13666666666668,450.41,341,0.008771929824561403
16887.0,35,1,192.32999999999998,192.32999999999998,192.32999999999998,0,1.0
16889.0,195,3,1578.67,526.2233333333334,1578.67,142,0.02097902097902098
16891.0,2,5,742.43,148.486,742.43,369,0.013513513513513514
16892.0,1,5,518.19,103.638,518.19,182,0.0273224043715847
16893.0,367,1,145.93,145.93,145.93,0,1.0
16895.0,65,1,202.27,202.27,202.27,0,1.0
16897.0,299,2,289.78,144.89,289.78,14,0.13333333333333333
16898.0,26,3,501.03,167.01,501.03,342,0.008746355685131196
16899.0,8,6,1271.06,211.84333333333333,1271.06,352,0.0169971671388102
16900.0,17,3,887.11,295.7033333333333,887.11,46,0.06382978723404255
16902.0,116,1,1706.88,1706.88,1706.88,0,1.0
16903.0,29,1,363.2,363.2,363.2,0,1.0
16904.0,4,16,3653.75,228.359375,3653.75,362,0.0440771349862259
16905.0,5,7,3037.6,433.9428571428571,3037.6,366,0.01907356948228883
16906.0,82,4,559.59,139.8975,559.59,166,0.023952095808383235
16907.0,29,5,928.76,185.752,928.76,336,0.01483679525222552
16909.0,72,1,379.14,379.14,379.14,0,1.0
16910.0,4,8,1508.96,188.62,1508.96,86,0.09195402298850575
16912.0,29,11,2555.58,232.32545454545453,2555.58,294,0.03728813559322034
16913.0,290,1,113.44,113.44,113.44,0,1.0
16914.0,36,1,183.76,183.76,183.76,0,1.0
16915.0,9,6,621.6800000000001,103.61333333333334,621.6800000000001,274,0.02181818181818182
16916.0,24,2,562.41,281.205,562.41,348,0.0057306590257879654
16917.0,277,1,391.52,391.52,391.52,0,1.0
16918.0,50,6,1068.82,178.13666666666666,1068.82,267,0.022388059701492536
16919.0,156,11,2592.25,235.6590909090909,2592.25,212,0.051643192488262914
16921.0,61,1,154.18,154.18,154.18,0,1.0
16923.0,12,19,7069.08,372.0568421052632,7069.08,350,0.05413105413105413
16924.0,21,3,829.89,276.63,829.89,62,0.047619047619047616
16926.0,371,1,230.25,230.25,230.25,0,1.0
16927.0,116,3,543.05,181.01666666666665,543.05,245,0.012195121951219513
16928.0,80,17,2814.7,165.5705882352941,2814.7,292,0.05802047781569966
16929.0,4,7,1295.39,185.0557142857143,1295.39,151,0.046052631578947366
16930.0,26,3,378.89,126.29666666666667,378.89,42,0.06976744186046512
16931.0,5,21,4554.87,216.89857142857142,4554.87,364,0.057534246575342465
16932.0,53,1,150.23000000000002,150.23000000000002,150.23000000000002,0,1.0
16933.0,1,2,563.23,281.615,563.23,237,0.008403361344537815
16934.0,55,2,931.03,465.515,931.03,0,2.0
16936.0,26,1,261.9,261.9,261.9,0,1.0
16938.0,9,4,2711.6800000000003,677.9200000000001,2711.6800000000003,300,0.013289036544850499
16940.0,52,3,3049.88,1016.6266666666667,3049.88,237,0.012605042016806723
16942.0,13,9,1904.99,211.66555555555556,1904.99,215,0.041666666666666664
16943.0,212,3,816.73,272.24333333333334,816.73,106,0.028037383177570093
16945.0,22,19,4345.5,228.71052631578948,4345.5,336,0.05637982195845697
16947.0,236,1,406.48,406.48,406.48,0,1.0
16948.0,139,3,435.02,145.00666666666666,435.02,187,0.015957446808510637
16949.0,4,6,1286.27,214.37833333333333,1286.27,312,0.019169329073482427
16950.0,57,3,1178.56,392.8533333333333,1178.56,310,0.00964630225080386
16951.0,135,3,1277.75,425.9166666666667,1277.75,169,0.01764705882352941
16952.0,109,2,167.61,83.805,167.61,0,2.0
16953.0,30,1,20.8,20.8,20.8,0,1.0
16954.0,1,9,2085.08,231.67555555555555,2085.08,358,0.025069637883008356
16955.0,185,4,518.67,129.6675,518.67,188,0.021164021164021163
16956.0,18,1,308.74,308.74,308.74,0,1.0
16957.0,239,2,416.64,208.32,416.64,42,0.046511627906976744
16959.0,87,1,117.35000000000001,117.35000000000001,117.35000000000001,0,1.0
16960.0,39,3,507.05,169.01666666666668,507.05,213,0.014018691588785047
16961.0,116,1,234.17,234.17,234.17,0,1.0
16963.0,187,1,110.55000000000001,110.55000000000001,110.55000000000001,0,1.0
16965.0,227,1,201.19,201.19,201.19,0,1.0
16966.0,8,7,2154.97,307.8528571428571,2154.97,231,0.03017241379310345
16967.0,189,1,319.02,319.02,319.02,0,1.0
16968.0,4,2,439.43,219.715,439.43,103,0.019230769230769232
16969.0,39,3,650.41,216.8033333333333,650.41,152,0.0196078431372549
16971.0,38,1,357.21,357.21,357.21,0,1.0
16976.0,267,1,251.51999999999998,251.51999999999998,251.51999999999998,0,1.0
16978.0,78,1,344.33,344.33,344.33,0,1.0
16979.0,4,6,1852.0,308.6666666666667,1852.0,294,0.020338983050847456
16980.0,255,2,1028.46,514.23,1028.46,36,0.05405405405405406
16982.0,61,1,384.06,384.06,384.06,0,1.0
16983.0,13,7,1905.87,272.26714285714286,1905.87,356,0.0196078431372549
16984.0,88,2,4459.52,2229.76,4459.52,41,0.047619047619047616
16985.0,17,10,5464.12,546.412,5464.12,341,0.029239766081871343
16986.0,30,2,1873.2,936.6,1873.2,0,2.0
16987.0,3,7,1616.8,230.97142857142856,1616.8,202,0.034482758620689655
16988.0,5,1,126.12,126.12,126.12,0,1.0
16989.0,7,6,1133.25,188.875,1133.25,143,0.041666666666666664
16990.0,219,1,179.0,179.0,179.0,0,1.0
16992.0,11,5,1614.31,322.86199999999997,1614.31,274,0.01818181818181818
16996.0,30,6,1456.96,242.82666666666668,1456.96,323,0.018518518518518517
16997.0,288,3,702.0,234.0,702.0,37,0.07894736842105263
16998.0,150,4,295.0,73.75,295.0,154,0.025806451612903226
16999.0,23,2,484.82,242.41,484.82,50,0.0392156862745098
17001.0,1,11,3989.57,362.6881818181818,3989.57,358,0.03064066852367688
17002.0,86,3,1493.73,497.91,1493.73,205,0.014563106796116505
17004.0,46,2,1312.1399999999999,656.0699999999999,1312.1399999999999,46,0.0425531914893617
17006.0,5,4,781.78,195.445,781.78,70,0.056338028169014086
17007.0,51,6,889.9300000000001,148.3216666666667,889.9300000000001,306,0.019543973941368076
17010.0,18,1,195.36,195.36,195.36,0,1.0
17011.0,30,1,270.9,270.9,270.9,0,1.0
17014.0,8,3,583.4300000000001,194.4766666666667,583.4300000000001,58,0.05084745762711865
17015.0,29,3,1838.6100000000001,612.87,1838.6100000000001,156,0.01910828025477707
17017.0,3,20,8694.26,434.713,8694.26,369,0.05405405405405406
17018.0,41,2,920.1,460.05,920.1,285,0.006993006993006993
17019.0,11,4,1258.08,314.52,1258.08,357,0.0111731843575419
17022.0,31,1,71.0,71.0,71.0,0,1.0
17024.0,45,3,95.85,31.95,95.85,112,0.02654867256637168
17025.0,61,3,357.77,119.25666666666666,357.77,312,0.009584664536741214
17026.0,185,2,154.82999999999998,77.41499999999999,154.82999999999998,184,0.010810810810810811
17027.0,79,6,877.5600000000001,146.26000000000002,877.5600000000001,238,0.02510460251046025
17029.0,111,2,716.0,358.0,716.0,126,0.015748031496062992
17030.0,64,1,146.87,146.87,146.87,0,1.0
17031.0,12,2,380.35,190.175,380.35,143,0.013888888888888888
17033.0,86,3,1030.14,343.38000000000005,1030.14,273,0.010948905109489052
17034.0,16,3,745.52,248.50666666666666,745.52,271,0.011029411764705883
17035.0,246,2,433.53000000000003,216.76500000000001,433.53000000000003,65,0.030303030303030304
17037.0,88,1,1267.32,1267.32,1267.32,0,1.0
17038.0,30,1,112.4,112.4,112.4,0,1.0
17040.0,138,1,449.73,449.73,449.73,0,1.0
17041.0,27,3,1071.49,357.16333333333336,1071.49,333,0.008982035928143712
17042.0,3,5,1036.58,207.31599999999997,1036.58,244,0.02040816326530612
17043.0,32,4,1735.18,433.795,1735.18,234,0.01702127659574468
17044.0,25,1,948.48,948.48,948.48,0,1.0
17045.0,113,3,339.44,113.14666666666666,339.44,134,0.022222222222222223
17046.0,157,1,642.02,642.02,642.02,0,1.0
17047.0,85,3,1100.9,366.9666666666667,1100.9,119,0.025
17048.0,118,3,925.35,308.45,925.35,213,0.014018691588785047
17049.0,3,9,5655.03,628.3366666666666,5655.03,273,0.032846715328467155
17050.0,96,6,3185.64,530.9399999999999,3185.64,203,0.029411764705882353
17051.0,194,1,240.89000000000001,240.89000000000001,240.89000000000001,0,1.0
17052.0,28,1,399.09,399.09,399.09,0,1.0
17053.0,131,1,498.48,498.48,498.48,0,1.0
17054.0,28,5,1356.33,271.26599999999996,1356.33,216,0.02304147465437788
17058.0,82,3,1179.89,393.2966666666667,1179.89,158,0.018867924528301886
17059.0,30,5,3080.39,616.078,3080.39,339,0.014705882352941176
17060.0,266,1,234.24,234.24,234.24,0,1.0
17061.0,74,11,5232.2300000000005,475.65727272727275,5232.2300000000005,158,0.06918238993710692
17062.0,314,4,533.33,133.3325,533.33,55,0.07142857142857142
17063.0,21,7,1461.14,208.73428571428573,1461.14,268,0.026022304832713755
17064.0,59,3,855.45,285.15000000000003,855.45,268,0.011152416356877323
17068.0,12,21,4552.14,216.76857142857145,4552.14,355,0.05898876404494382
17069.0,28,9,2709.7000000000003,301.0777777777778,2709.7000000000003,345,0.02601156069364162
17070.0,114,1,304.24,304.24,304.24,0,1.0
17071.0,28,9,2429.03,269.89222222222224,2429.03,281,0.031914893617021274
17073.0,18,4,1446.09,361.5225,1446.09,91,0.043478260869565216
17075.0,18,4,834.12,208.53,834.12,299,0.013333333333333334
17076.0,36,3,841.0799999999999,280.35999999999996,841.0799999999999,328,0.00911854103343465
17078.0,36,2,378.2,189.1,378.2,0,2.0
17079.0,78,1,118.80000000000001,118.80000000000001,118.80000000000001,0,1.0
17080.0,22,2,287.62,143.81,287.62,247,0.008064516129032258
17081.0,25,2,288.91,144.455,288.91,20,0.09523809523809523
17082.0,33,2,2003.85,1001.925,2003.85,285,0.006993006993006993
17083.0,109,3,1405.78,468.5933333333333,1405.78,194,0.015384615384615385
17084.0,35,2,2747.9900000000002,1373.9950000000001,2747.9900000000002,0,2.0
17085.0,123,5,1562.4,312.48,1562.4,239,0.020833333333333332
17086.0,7,6,2050.08,341.68,2050.08,56,0.10526315789473684
17088.0,28,4,1991.01,497.7525,1991.01,225,0.017699115044247787
17090.0,4,7,1974.65,282.09285714285716,1974.65,349,0.02
17091.0,3,9,3827.76,425.3066666666667,3827.76,365,0.02459016393442623
17092.0,50,4,1774.03,443.5075,1774.03,227,0.017543859649122806
17094.0,322,1,302.0,302.0,302.0,0,1.0
17095.0,23,3,1324.16,441.3866666666667,1324.16,312,0.009584664536741214
17096.0,15,4,1022.13,255.5325,1022.13,246,0.016194331983805668
17097.0,2,8,954.42,119.3025,954.42,363,0.02197802197802198
17100.0,18,2,971.74,485.87,971.74,0,2.0
17101.0,10,4,1621.73,405.4325,1621.73,167,0.023809523809523808
17102.0,262,1,25.5,25.5,25.5,0,1.0
17105.0,159,2,665.78,332.89,665.78,147,0.013513513513513514
17107.0,33,6,10797.48,1799.58,10797.48,244,0.024489795918367346
17109.0,29,6,881.29,146.88166666666666,881.29,203,0.029411764705882353
17110.0,165,1,163.29999999999998,163.29999999999998,163.29999999999998,0,1.0
17111.0,47,1,231.61,231.61,231.61,0,1.0
17114.0,6,8,801.12,100.14,801.12,329,0.024242424242424242
17115.0,8,3,837.5,279.1666666666667,837.5,224,0.013333333333333334
17117.0,288,1,116.19999999999999,116.19999999999999,116.19999999999999,0,1.0
17118.0,318,1,157.02,157.02,157.02,0,1.0
17119.0,3,2,606.91,303.455,606.91,56,0.03508771929824561
17120.0,233,1,307.46,307.46,307.46,0,1.0
17122.0,119,1,138.32,138.32,138.32,0,1.0
17123.0,162,1,345.29999999999995,345.29999999999995,345.29999999999995,0,1.0
17124.0,185,1,294.24,294.24,294.24,0,1.0
17125.0,50,1,230.5,230.5,230.5,0,1.0
17126.0,152,5,989.45,197.89000000000001,989.45,210,0.023696682464454975
17128.0,335,1,157.09,157.09,157.09,0,1.0
17131.0,5,5,2463.17,492.634,2463.17,70,0.07042253521126761
17133.0,16,7,4892.240000000001,698.8914285714287,4892.240000000001,250,0.027888446215139442
17134.0,107,2,413.2,206.6,413.2,157,0.012658227848101266
17135.0,16,7,1139.73,162.81857142857143,1139.73,355,0.019662921348314606
17138.0,276,1,380.5,380.5,380.5,0,1.0
17139.0,16,12,10650.77,887.5641666666667,10650.77,273,0.043795620437956206
17140.0,247,1,454.12,454.12,454.12,0,1.0
17142.0,239,1,579.0,579.0,579.0,0,1.0
17144.0,1,2,984.57,492.285,984.57,83,0.023809523809523808
17146.0,106,3,749.78,249.92666666666665,749.78,253,0.011811023622047244
17147.0,23,4,1714.59,428.6475,1714.59,289,0.013793103448275862
17148.0,52,1,124.88,124.88,124.88,0,1.0
17152.0,195,3,1689.5,563.1666666666666,1689.5,68,0.043478260869565216
17153.0,24,1,213.78,213.78,213.78,0,1.0
17154.0,75,1,329.34,329.34,329.34,0,1.0
17155.0,18,2,251.70000000000002,125.85000000000001,251.70000000000002,160,0.012422360248447204
17157.0,8,2,319.0,159.5,319.0,168,0.011834319526627219
17158.0,32,3,1266.97,422.3233333333333,1266.97,328,0.00911854103343465
17159.0,22,3,1538.88,512.96,1538.88,150,0.019867549668874173
17160.0,31,6,3518.03,586.3383333333334,3518.03,210,0.02843601895734597
17162.0,29,10,1715.46,171.546,1715.46,276,0.036101083032490974
17163.0,22,2,293.1,146.55,293.1,56,0.03508771929824561
17164.0,33,7,2467.35,352.4785714285714,2467.35,240,0.029045643153526972
17165.0,284,1,158.68,158.68,158.68,0,1.0
17166.0,39,2,206.34,103.17,206.34,165,0.012048192771084338
17169.0,58,2,835.78,417.89,835.78,125,0.015873015873015872
17171.0,289,1,224.91,224.91,224.91,0,1.0
17172.0,79,1,317.76,317.76,317.76,0,1.0
17173.0,5,8,3766.6,470.825,3766.6,125,0.06349206349206349
17174.0,218,1,59.9,59.9,59.9,0,1.0
17175.0,44,4,1443.69,360.9225,1443.69,252,0.015810276679841896
17176.0,202,1,306.13,306.13,306.13,0,1.0
17179.0,178,3,711.79,237.26333333333332,711.79,183,0.016304347826086956
17180.0,56,4,783.97,195.9925,783.97,259,0.015384615384615385
17181.0,57,2,239.92000000000002,119.96000000000001,239.92000000000002,316,0.006309148264984227
17183.0,8,6,3347.31,557.885,3347.31,97,0.061224489795918366
17186.0,47,2,144.0,72.0,144.0,13,0.14285714285714285
17187.0,227,1,203.95,203.95,203.95,0,1.0
17188.0,11,7,2474.23,353.4614285714286,2474.23,351,0.019886363636363636
17189.0,106,2,383.75,191.875,383.75,253,0.007874015748031496
17190.0,59,2,444.74,222.37,444.74,148,0.013422818791946308
17191.0,28,7,2093.68,299.09714285714284,2093.68,340,0.020527859237536656
17193.0,36,7,1699.3000000000002,242.7571428571429,1699.3000000000002,141,0.04929577464788732
17194.0,274,2,262.62,131.31,262.62,86,0.022988505747126436
17197.0,30,1,1013.01,1013.01,1013.01,0,1.0
17198.0,24,3,692.22,230.74,692.22,347,0.008620689655172414
17201.0,54,1,289.78,289.78,289.78,0,1.0
17203.0,36,6,3560.08,593.3466666666667,3560.08,24,0.24
17204.0,175,4,1564.56,391.14,1564.56,88,0.0449438202247191
17205.0,54,1,384.08,384.08,384.08,0,1.0
17206.0,53,1,204.24,204.24,204.24,0,1.0
17211.0,27,8,2317.2200000000003,289.65250000000003,2317.2200000000003,342,0.023323615160349854
17212.0,253,1,226.85,226.85,226.85,0,1.0
17213.0,40,7,2781.23,397.31857142857143,2781.23,326,0.021406727828746176
17214.0,60,6,1059.1200000000001,176.52,1059.1200000000001,298,0.020066889632107024
17217.0,234,1,113.5,113.5,113.5,0,1.0
17218.0,4,10,1951.97,195.197,1951.97,363,0.027472527472527472
17219.0,32,1,114.23,114.23,114.23,0,1.0
17220.0,24,14,3187.55,227.68214285714288,3187.55,339,0.041176470588235294
17221.0,7,2,334.48,167.24,334.48,28,0.06896551724137931
17222.0,65,1,328.65,328.65,328.65,0,1.0
17223.0,310,2,416.89,208.445,416.89,58,0.03389830508474576
17226.0,309,1,393.49,393.49,393.49,0,1.0
17227.0,19,6,939.32,156.55333333333334,939.32,349,0.017142857142857144
17228.0,16,8,1906.09,238.26125,1906.09,356,0.022408963585434174
17229.0,96,2,318.76,159.38,318.76,46,0.0425531914893617
17230.0,264,8,3638.41,454.80125,3638.41,95,0.08333333333333333
17231.0,12,10,3124.72,312.472,3124.72,349,0.02857142857142857
17232.0,3,2,417.77,208.885,417.77,11,0.16666666666666666
17233.0,35,1,190.88,190.88,190.88,0,1.0
17234.0,183,1,149.89000000000001,149.89000000000001,149.89000000000001,0,1.0
17235.0,25,2,550.06,275.03,550.06,347,0.005747126436781609
17236.0,13,6,916.13,152.68833333333333,916.13,350,0.017094017094017096
17237.0,11,2,314.69,157.345,314.69,11,0.16666666666666666
17238.0,3,17,3719.1,218.7705882352941,3719.1,368,0.04607046070460705
17239.0,313,1,382.5,382.5,382.5,0,1.0
17242.0,108,2,1135.04,567.52,1135.04,72,0.0273972602739726
17243.0,1,26,8540.05,328.4634615384615,8540.05,368,0.07046070460704607
17244.0,53,1,954.9,954.9,954.9,0,1.0
17245.0,205,1,171.45,171.45,171.45,0,1.0
17247.0,15,1,280.09000000000003,280.09000000000003,280.09000000000003,0,1.0
17248.0,120,1,318.65,318.65,318.65,0,1.0
17250.0,4,2,381.97,190.985,381.97,257,0.007751937984496124
17251.0,363,1,269.83,269.83,269.83,0,1.0
17252.0,117,2,348.91,174.455,348.91,69,0.02857142857142857
17253.0,18,1,178.26,178.26,178.26,0,1.0
17254.0,5,2,271.19,135.595,271.19,10,0.18181818181818182
17255.0,41,2,291.48,145.74,291.48,258,0.007722007722007722
17256.0,107,2,240.0,120.0,240.0,204,0.00975609756097561
17259.0,148,2,581.23,290.615,581.23,220,0.00904977375565611
17262.0,52,5,1253.3600000000001,250.67200000000003,1253.3600000000001,313,0.01592356687898089
17263.0,208,1,63.440000000000005,63.440000000000005,63.440000000000005,0,1.0
17265.0,139,2,550.01,275.005,550.01,41,0.047619047619047616
17266.0,2,3,296.58,98.86,296.58,145,0.02054794520547945
17267.0,127,2,317.2,158.6,317.2,0,2.0
17268.0,108,4,763.64,190.91,763.64,137,0.028985507246376812
17272.0,42,4,2148.63,537.1575,2148.63,220,0.01809954751131222
17274.0,35,1,107.82,107.82,107.82,0,1.0
17277.0,228,2,1065.3500000000001,532.6750000000001,1065.3500000000001,95,0.020833333333333332
17278.0,241,1,246.04,246.04,246.04,0,1.0
17279.0,58,1,187.82999999999998,187.82999999999998,187.82999999999998,0,1.0
17282.0,130,3,1685.46,561.82,1685.46,169,0.01764705882352941
17284.0,60,6,1647.48,274.58,1647.48,276,0.021660649819494584
17286.0,22,1,151.37,151.37,151.37,0,1.0
17287.0,26,7,1049.06,149.8657142857143,1049.06,346,0.020172910662824207
17288.0,9,7,1417.63,202.51857142857145,1417.63,349,0.02
17289.0,32,3,931.02,310.34,931.02,148,0.020134228187919462
17290.0,4,2,513.01,256.505,513.01,12,0.15384615384615385
17291.0,308,1,550.8000000000001,550.8000000000001,550.8000000000001,0,1.0
17293.0,8,9,1854.06,206.00666666666666,1854.06,352,0.025495750708215296
17295.0,29,3,547.0,182.33333333333334,547.0,35,0.08333333333333333
17297.0,17,1,128.18,128.18,128.18,0,1.0
17298.0,101,2,498.42,249.21,498.42,23,0.08333333333333333
17299.0,12,4,656.61,164.1525,656.61,161,0.024691358024691357
17301.0,21,1,163.24,163.24,163.24,0,1.0
17302.0,15,5,1135.63,227.12600000000003,1135.63,290,0.01718213058419244
17303.0,361,1,250.04,250.04,250.04,0,1.0
17306.0,11,19,8631.31,454.2794736842105,8631.31,342,0.05539358600583091
17309.0,95,1,82.75,82.75,82.75,0,1.0
17311.0,78,2,1384.85,692.425,1384.85,238,0.008368200836820083
17312.0,139,3,644.3,214.76666666666665,644.3,20,0.14285714285714285
17313.0,31,1,2328.84,2328.84,2328.84,0,1.0
17314.0,25,8,2527.92,315.99,2527.92,287,0.027777777777777776
17315.0,2,38,6281.23,165.29552631578946,6281.23,355,0.10674157303370786
17317.0,46,3,2600.34,866.7800000000001,2600.34,43,0.06818181818181818
17320.0,100,3,1200.6200000000001,400.2066666666667,1200.6200000000001,267,0.011194029850746268
17321.0,8,2,657.16,328.58,657.16,59,0.03333333333333333
17323.0,15,7,906.52,129.50285714285715,906.52,277,0.025179856115107913
17324.0,18,4,986.48,246.62,986.48,348,0.011461318051575931
17325.0,280,1,96.8,96.8,96.8,0,1.0
17329.0,14,2,523.11,261.555,523.11,300,0.006644518272425249
17330.0,23,2,363.9,181.95,363.9,44,0.044444444444444446
17331.0,124,1,175.2,175.2,175.2,0,1.0
17333.0,86,1,494.25,494.25,494.25,0,1.0
17334.0,302,2,307.02,153.51,307.02,6,0.2857142857142857
17337.0,151,4,1981.06,495.265,1981.06,158,0.025157232704402517
17338.0,17,8,6493.54,811.6925,6493.54,344,0.02318840579710145
17339.0,94,2,243.36,121.68,243.36,270,0.007380073800738007
17340.0,30,11,12353.29,1123.0263636363636,12353.29,336,0.032640949554896145
17341.0,157,3,682.29,227.42999999999998,682.29,209,0.014285714285714285
17343.0,355,1,193.64,193.64,193.64,0,1.0
17344.0,46,1,157.62,157.62,157.62,0,1.0
17345.0,15,4,519.6899999999999,129.92249999999999,519.6899999999999,181,0.02197802197802198
17346.0,4,15,2622.88,174.85866666666666,2622.88,369,0.04054054054054054
17347.0,86,1,228.96,228.96,228.96,0,1.0
17348.0,15,5,1156.6,231.32,1156.6,283,0.017605633802816902
17349.0,179,1,98.25,98.25,98.25,0,1.0
17350.0,8,4,1281.32,320.33,1281.32,42,0.09302325581395349
17351.0,36,3,587.15,195.71666666666667,587.15,237,0.012605042016806723
17353.0,129,2,1740.0,870.0,1740.0,25,0.07692307692307693
17354.0,51,1,1393.06,1393.06,1393.06,0,1.0
17356.0,312,1,178.22,178.22,178.22,0,1.0
17357.0,24,2,384.39,192.195,384.39,0,2.0
17358.0,303,2,360.81,180.405,360.81,52,0.03773584905660377
17359.0,11,1,127.86,127.86,127.86,0,1.0
17360.0,17,3,568.24,189.41333333333333,568.24,166,0.017964071856287425
17361.0,49,3,488.2,162.73333333333332,488.2,242,0.012345679012345678
17362.0,239,2,312.23,156.115,312.23,70,0.028169014084507043
17364.0,1,11,4462.68,405.69818181818187,4462.68,330,0.03323262839879154
17365.0,13,8,4767.36,595.92,4767.36,320,0.024922118380062305
17367.0,238,1,167.55,167.55,167.55,0,1.0
17368.0,23,8,1878.87,234.85875,1878.87,314,0.025396825396825397
17370.0,73,4,446.18,111.545,446.18,96,0.041237113402061855
17371.0,17,3,418.4,139.46666666666667,418.4,343,0.00872093023255814
17372.0,41,8,1337.18,167.1475,1337.18,321,0.024844720496894408
17373.0,40,4,646.92,161.73,646.92,272,0.014652014652014652
17374.0,219,2,495.77,247.885,495.77,62,0.031746031746031744
17375.0,199,3,400.1,133.36666666666667,400.1,162,0.018404907975460124
17376.0,71,2,203.2,101.6,203.2,240,0.008298755186721992
17377.0,24,20,4058.32,202.916,4058.32,349,0.05714285714285714
17379.0,11,1,389.71999999999997,389.71999999999997,389.71999999999997,0,1.0
17381.0,9,29,20275.61,699.1589655172414,20275.61,363,0.07967032967032966
17382.0,65,1,65.4,65.4,65.4,0,1.0
17383.0,4,1,193.39000000000001,193.39000000000001,193.39000000000001,0,1.0
17384.0,19,2,336.4,168.2,336.4,199,0.01
17385.0,15,1,256.11,256.11,256.11,0,1.0
17386.0,8,6,2686.42,447.7366666666667,2686.42,157,0.0379746835443038
17387.0,20,2,746.81,373.405,746.81,13,0.14285714285714285
17388.0,78,4,1259.56,314.89,1259.56,209,0.01904761904761905
17389.0,1,34,31833.68,936.2847058823529,31833.68,330,0.1027190332326284
17391.0,164,2,508.8,254.4,508.8,0,2.0
17392.0,307,2,417.27,208.635,417.27,51,0.038461538461538464
17394.0,219,1,203.86999999999998,203.86999999999998,203.86999999999998,0,1.0
17396.0,39,8,7330.8,916.35,7330.8,332,0.024024024024024024
17397.0,22,2,681.41,340.705,681.41,0,2.0
17398.0,115,3,653.38,217.79333333333332,653.38,140,0.02127659574468085
17400.0,126,5,2097.84,419.56800000000004,2097.84,226,0.022026431718061675
17402.0,5,13,2633.85,202.60384615384615,2633.85,364,0.03561643835616438
17403.0,36,1,263.92,263.92,263.92,0,1.0
17404.0,4,15,31906.82,2127.1213333333335,31906.82,356,0.04201680672268908
17405.0,1,3,1031.41,343.80333333333334,1031.41,149,0.02
17406.0,333,3,2184.42,728.14,2184.42,33,0.08823529411764706
17408.0,163,1,32.65,32.65,32.65,0,1.0
17409.0,185,2,771.85,385.925,771.85,63,0.03125
17410.0,16,5,1214.72,242.94400000000002,1214.72,199,0.025
17411.0,12,3,778.94,259.6466666666667,778.94,249,0.012
17412.0,3,7,1258.06,179.72285714285712,1258.06,369,0.01891891891891892
17414.0,44,2,778.0,389.0,778.0,141,0.014084507042253521
17415.0,80,1,507.84,507.84,507.84,0,1.0
17416.0,30,7,6893.42,984.7742857142857,6893.42,251,0.027777777777777776
17418.0,42,2,463.46000000000004,231.73000000000002,463.46000000000004,281,0.0070921985815602835
17419.0,11,12,4226.57,352.21416666666664,4226.57,355,0.033707865168539325
17420.0,50,3,598.83,199.61,598.83,323,0.009259259259259259
17422.0,16,6,1979.37,329.895,1979.37,279,0.02142857142857143
17423.0,46,2,698.41,349.205,698.41,171,0.011627906976744186
17425.0,19,2,759.17,379.585,759.17,41,0.047619047619047616
17426.0,8,6,5037.26,839.5433333333334,5037.26,274,0.02181818181818182
17427.0,72,1,100.8,100.8,100.8,0,1.0
17428.0,1,28,17256.85,616.3160714285714,17256.85,368,0.07588075880758807
17429.0,128,3,524.9200000000001,174.97333333333336,524.9200000000001,90,0.03296703296703297
17430.0,33,2,265.76,132.88,265.76,332,0.006006006006006006
17431.0,313,1,403.3,403.3,403.3,0,1.0
17432.0,18,2,365.76,182.88,365.76,19,0.1
17433.0,88,1,303.15999999999997,303.15999999999997,303.15999999999997,0,1.0
17434.0,2,7,2373.82,339.1171428571429,2373.82,82,0.08433734939759036
17436.0,2,2,216.29999999999998,108.14999999999999,216.29999999999998,225,0.008849557522123894
17438.0,254,1,388.45000000000005,388.45000000000005,388.45000000000005,0,1.0
17440.0,157,3,186.42000000000002,62.14000000000001,186.42000000000002,90,0.03296703296703297
17442.0,37,6,2248.56,374.76,2248.56,253,0.023622047244094488
17443.0,220,1,534.24,534.24,534.24,0,1.0
17444.0,148,3,2940.04,980.0133333333333,2940.04,25,0.11538461538461539
17446.0,177,2,120.9,60.45,120.9,133,0.014925373134328358
17447.0,40,2,541.53,270.765,541.53,31,0.0625
17449.0,2,7,2519.21,359.88714285714286,2519.21,357,0.019553072625698324
17450.0,8,46,194390.79,4225.886739130435,194390.79,359,0.12777777777777777
17451.0,1,7,1721.4,245.91428571428574,1721.4,104,0.06666666666666667
17453.0,18,2,486.71999999999997,243.35999999999999,486.71999999999997,46,0.0425531914893617
17454.0,192,4,517.53,129.3825,517.53,167,0.023809523809523808
17455.0,204,1,131.7,131.7,131.7,0,1.0
17456.0,365,1,249.86,249.86,249.86,0,1.0
17457.0,127,5,1737.7,347.54,1737.7,212,0.023474178403755867
17458.0,15,1,316.5,316.5,316.5,0,1.0
17459.0,43,2,657.3,328.65,657.3,16,0.11764705882352941
17460.0,94,6,622.4300000000001,103.73833333333334,622.4300000000001,278,0.021505376344086023
17461.0,23,3,735.82,245.27333333333334,735.82,6,0.42857142857142855
17462.0,60,2,675.69,337.845,675.69,223,0.008928571428571428
17463.0,16,5,1875.86,375.17199999999997,1875.86,296,0.016835016835016835
17464.0,158,1,289.96000000000004,289.96000000000004,289.96000000000004,0,1.0
17466.0,10,2,763.28,381.64,763.28,68,0.028985507246376812
17468.0,10,2,137.0,68.5,137.0,4,0.4
17469.0,16,5,1870.97,374.194,1870.97,188,0.026455026455026454
17470.0,45,5,1125.07,225.01399999999998,1125.07,323,0.015432098765432098
17472.0,191,3,697.54,232.51333333333332,697.54,108,0.027522935779816515
17475.0,79,1,194.37,194.37,194.37,0,1.0
17480.0,78,1,511.82,511.82,511.82,0,1.0
17481.0,4,4,1255.59,313.8975,1255.59,90,0.04395604395604396
17483.0,65,3,414.04,138.01333333333335,414.04,117,0.025423728813559324
17486.0,261,1,396.87,396.87,396.87,0,1.0
17489.0,59,2,376.64,188.32,376.64,153,0.012987012987012988
17490.0,1,7,2092.32,298.90285714285716,2092.32,175,0.03977272727272727
17491.0,1,10,3558.87,355.887,3558.87,366,0.027247956403269755
17492.0,248,1,374.57,374.57,374.57,0,1.0
17495.0,8,2,497.56,248.78,497.56,31,0.0625
17496.0,359,1,271.05,271.05,271.05,0,1.0
17498.0,76,1,272.22,272.22,272.22,0,1.0
17499.0,290,1,622.88,622.88,622.88,0,1.0
17500.0,17,3,1138.0,379.3333333333333,1138.0,12,0.23076923076923078
17501.0,221,2,288.6,144.3,288.6,0,2.0
17502.0,9,4,689.1,172.275,689.1,19,0.2
17503.0,3,2,558.96,279.48,558.96,35,0.05555555555555555
17504.0,206,9,2997.0299999999997,333.00333333333333,2997.0299999999997,116,0.07692307692307693
17505.0,162,2,1145.84,572.92,1145.84,44,0.044444444444444446
17506.0,76,1,302.2,302.2,302.2,0,1.0
17507.0,262,2,605.58,302.79,605.58,47,0.041666666666666664
17508.0,281,1,387.31,387.31,387.31,0,1.0
17509.0,58,8,6083.64,760.455,6083.64,5,1.3333333333333333
17510.0,25,1,308.48,308.48,308.48,0,1.0
17511.0,3,31,91062.38,2937.496129032258,91062.38,370,0.08355795148247978
17512.0,29,10,2924.9900000000002,292.499,2924.9900000000002,272,0.03663003663003663
17513.0,72,1,513.2,513.2,513.2,0,1.0
17514.0,128,1,208.65,208.65,208.65,0,1.0
17515.0,31,4,639.02,159.755,639.02,286,0.013937282229965157
17516.0,15,5,764.88,152.976,764.88,270,0.01845018450184502
17517.0,309,1,153.94,153.94,153.94,0,1.0
17519.0,17,6,1844.02,307.33666666666664,1844.02,351,0.017045454545454544
17520.0,54,1,546.81,546.81,546.81,0,1.0
17521.0,30,3,723.2099999999999,241.06999999999996,723.2099999999999,169,0.01764705882352941
17522.0,2,5,1070.71,214.142,1070.71,216,0.02304147465437788
17523.0,11,4,652.74,163.185,652.74,7,0.5
17524.0,361,1,145.0,145.0,145.0,0,1.0
17525.0,360,1,422.70000000000005,422.70000000000005,422.70000000000005,0,1.0
17526.0,5,4,1195.8999999999999,298.97499999999997,1195.8999999999999,360,0.0110803324099723
17527.0,54,4,939.37,234.8425,939.37,164,0.024242424242424242
17528.0,1,8,3628.5,453.5625,3628.5,70,0.11267605633802817
17530.0,1,10,2367.12,236.712,2367.12,363,0.027472527472527472
17531.0,190,1,296.7,296.7,296.7,0,1.0
17534.0,54,1,223.36,223.36,223.36,0,1.0
17535.0,280,1,164.4,164.4,164.4,0,1.0
17536.0,177,1,76.5,76.5,76.5,0,1.0
17537.0,30,2,887.67,443.835,887.67,273,0.0072992700729927005
17538.0,26,1,98.42,98.42,98.42,0,1.0
17540.0,25,2,578.9,289.45,578.9,291,0.00684931506849315
17542.0,270,1,170.75,170.75,170.75,0,1.0
17545.0,43,3,642.32,214.10666666666668,642.32,0,3.0
17548.0,234,1,103.3,103.3,103.3,0,1.0
17549.0,24,2,148.86,74.43,148.86,27,0.07142857142857142
17550.0,197,3,267.16,89.05333333333334,267.16,45,0.06521739130434782
17551.0,359,1,290.34,290.34,290.34,0,1.0
17552.0,60,4,930.41,232.6025,930.41,311,0.01282051282051282
17553.0,130,1,1487.6,1487.6,1487.6,0,1.0
17554.0,1,5,1952.45,390.49,1952.45,146,0.034013605442176874
17555.0,20,2,480.31,240.155,480.31,314,0.006349206349206349
17556.0,206,1,157.9,157.9,157.9,0,1.0
17557.0,14,3,541.46,180.48666666666668,541.46,66,0.04477611940298507
17560.0,95,4,854.95,213.7375,854.95,215,0.018518518518518517
17561.0,19,1,165.12,165.12,165.12,0,1.0
17562.0,14,7,1122.38,160.34,1122.38,159,0.04375
17564.0,24,3,454.01,151.33666666666667,454.01,55,0.05357142857142857
17566.0,8,2,869.77,434.885,869.77,17,0.1111111111111111
17567.0,7,8,4331.48,541.435,4331.48,365,0.02185792349726776
17569.0,332,1,344.14,344.14,344.14,0,1.0
17571.0,50,4,1425.67,356.4175,1425.67,248,0.01606425702811245
17572.0,71,4,226.75000000000003,56.68750000000001,226.75000000000003,302,0.013201320132013201
17573.0,29,3,380.6,126.86666666666667,380.6,64,0.046153846153846156
17574.0,243,1,185.65,185.65,185.65,0,1.0
17576.0,8,19,3564.83,187.62263157894736,3564.83,357,0.05307262569832402
17578.0,218,1,143.45999999999998,143.45999999999998,143.45999999999998,0,1.0
17579.0,5,3,448.90000000000003,149.63333333333335,448.90000000000003,174,0.017142857142857144
17580.0,253,3,215.72,71.90666666666667,215.72,105,0.02830188679245283
17581.0,1,25,11025.24,441.0096,11025.24,371,0.06720430107526881
17582.0,236,1,175.27,175.27,175.27,0,1.0
17584.0,7,2,1242.3,621.15,1242.3,120,0.01652892561983471
17585.0,109,4,1116.68,279.17,1116.68,228,0.017467248908296942
17588.0,100,3,1240.2,413.40000000000003,1240.2,132,0.022556390977443608
17589.0,60,4,2404.17,601.0425,2404.17,180,0.022099447513812154
17590.0,2,3,1468.02,489.34,1468.02,37,0.07894736842105263
17591.0,73,7,2203.67,314.81,2203.67,293,0.023809523809523808
17593.0,4,5,3923.86,784.772,3923.86,349,0.014285714285714285
17594.0,85,2,993.18,496.59,993.18,169,0.011764705882352941
17595.0,12,2,386.69,193.345,386.69,24,0.08
17596.0,23,7,2806.69,400.9557142857143,2806.69,345,0.02023121387283237
17597.0,214,1,2044.3700000000001,2044.3700000000001,2044.3700000000001,0,1.0
17600.0,18,1,161.67000000000002,161.67000000000002,161.67000000000002,0,1.0
17601.0,239,1,116.00999999999999,116.00999999999999,116.00999999999999,0,1.0
17602.0,2,6,5054.42,842.4033333333333,5054.42,321,0.018633540372670808
17603.0,78,1,394.72,394.72,394.72,0,1.0
17604.0,217,2,309.36,154.68,309.36,94,0.021052631578947368
17608.0,33,2,191.99,95.995,191.99,0,2.0
17609.0,41,5,1105.78,221.156,1105.78,286,0.017421602787456445
17611.0,7,15,3961.12,264.07466666666664,3961.12,353,0.0423728813559322
17612.0,53,6,2048.45,341.4083333333333,2048.45,244,0.024489795918367346
17613.0,23,14,4544.55,324.6107142857143,4544.55,282,0.04946996466431095
17614.0,57,1,386.32,386.32,386.32,0,1.0
17615.0,130,3,329.6,109.86666666666667,329.6,91,0.03260869565217391
17616.0,174,3,571.1999999999999,190.39999999999998,571.1999999999999,194,0.015384615384615385
17618.0,6,3,930.28,310.0933333333333,930.28,356,0.008403361344537815
17619.0,312,1,214.37,214.37,214.37,0,1.0
17620.0,60,1,81.44,81.44,81.44,0,1.0
17621.0,21,3,1379.9,459.9666666666667,1379.9,333,0.008982035928143712
17623.0,33,1,527.0500000000001,527.0500000000001,527.0500000000001,0,1.0
17624.0,15,2,843.48,421.74,843.48,203,0.00980392156862745
17625.0,18,4,2020.4,505.1,2020.4,239,0.016666666666666666
17628.0,81,1,75.75,75.75,75.75,0,1.0
17629.0,6,8,1814.12,226.765,1814.12,354,0.022535211267605635
17630.0,170,2,503.59999999999997,251.79999999999998,503.59999999999997,62,0.031746031746031744
17631.0,2,3,528.33,176.11,528.33,230,0.012987012987012988
17633.0,31,4,1324.84,331.21,1324.84,88,0.0449438202247191
17634.0,36,9,2358.59,262.0655555555556,2358.59,301,0.029801324503311258
17636.0,19,1,285.56,285.56,285.56,0,1.0
17637.0,31,2,547.0600000000001,273.53000000000003,547.0600000000001,83,0.023809523809523808
17639.0,276,1,108.5,108.5,108.5,0,1.0
17640.0,87,1,621.66,621.66,621.66,0,1.0
17642.0,120,2,712.29,356.145,712.29,56,0.03508771929824561
17643.0,373,1,101.55,101.55,101.55,0,1.0
17644.0,1,11,2895.64,263.24,2895.64,259,0.04230769230769231
17646.0,219,3,1008.39,336.13,1008.39,145,0.02054794520547945
17647.0,65,1,133.06,133.06,133.06,0,1.0
17648.0,61,4,1797.5,449.375,1797.5,188,0.021164021164021163
17649.0,138,1,868.49,868.49,868.49,0,1.0
17650.0,21,1,166.08,166.08,166.08,0,1.0
17651.0,12,10,3945.0,394.5,3945.0,165,0.060240963855421686
17652.0,25,12,4867.72,405.6433333333334,4867.72,255,0.046875
17653.0,37,4,1207.56,301.89,1207.56,83,0.047619047619047616
17654.0,277,1,117.55,117.55,117.55,0,1.0
17655.0,11,7,2638.94,376.99142857142857,2638.94,355,0.019662921348314606
17656.0,73,5,1674.69,334.938,1674.69,55,0.08928571428571429
17658.0,26,2,595.42,297.71,595.42,185,0.010752688172043012
17659.0,17,12,2999.46,249.955,2999.46,354,0.03380281690140845
17660.0,141,1,178.75,178.75,178.75,0,1.0
17663.0,26,7,1802.91,257.55857142857144,1802.91,261,0.026717557251908396
17664.0,19,2,604.64,302.32,604.64,193,0.010309278350515464
17666.0,4,2,728.16,364.08,728.16,61,0.03225806451612903
17667.0,66,5,2055.51,411.10200000000003,2055.51,232,0.02145922746781116
17668.0,1,2,347.75,173.875,347.75,36,0.05405405405405406
17669.0,43,7,3406.7200000000003,486.67428571428576,3406.7200000000003,206,0.033816425120772944
17670.0,228,1,205.7,205.7,205.7,0,1.0
17671.0,16,4,1572.71,393.1775,1572.71,349,0.011428571428571429
17672.0,50,2,3178.17,1589.085,3178.17,259,0.007692307692307693
17673.0,2,6,1594.97,265.8283333333333,1594.97,318,0.018808777429467086
17674.0,74,2,551.04,275.52,551.04,294,0.006779661016949152
17675.0,1,31,20374.28,657.2348387096774,20374.28,366,0.08446866485013624
17676.0,4,6,1371.18,228.53,1371.18,362,0.01652892561983471
17677.0,2,30,16345.38,544.846,16345.38,367,0.08152173913043478
17678.0,264,1,298.11,298.11,298.11,0,1.0
17679.0,53,2,1992.1100000000001,996.0550000000001,1992.1100000000001,32,0.06060606060606061
17680.0,24,1,184.4,184.4,184.4,0,1.0
17682.0,10,6,2474.33,412.3883333333333,2474.33,358,0.016713091922005572
17684.0,44,1,239.41,239.41,239.41,0,1.0
17685.0,17,7,3155.83,450.8328571428571,3155.83,355,0.019662921348314606
17686.0,7,7,5739.46,819.9228571428572,5739.46,295,0.02364864864864865
17690.0,30,15,4726.8,315.12,4726.8,342,0.043731778425655975
17691.0,358,2,290.40000000000003,145.20000000000002,290.40000000000003,10,0.18181818181818182
17692.0,127,4,740.9399999999999,185.23499999999999,740.9399999999999,232,0.017167381974248927
17693.0,137,1,200.47,200.47,200.47,0,1.0
17694.0,142,1,283.12,283.12,283.12,0,1.0
17695.0,132,2,765.34,382.67,765.34,39,0.05
17696.0,38,8,2285.71,285.71375,2285.71,326,0.024464831804281346
17697.0,236,1,338.95,338.95,338.95,0,1.0
17698.0,261,1,154.95,154.95,154.95,0,1.0
17700.0,17,4,2534.64,633.66,2534.64,264,0.01509433962264151
17701.0,253,1,417.95,417.95,417.95,0,1.0
17702.0,30,4,1824.37,456.0925,1824.37,175,0.022727272727272728
17703.0,35,3,798.74,266.24666666666667,798.74,103,0.028846153846153848
17704.0,169,2,885.19,442.595,885.19,71,0.027777777777777776
17705.0,3,9,1823.52,202.61333333333334,1823.52,298,0.030100334448160536
17706.0,4,17,10504.49,617.9111764705882,10504.49,362,0.046831955922865015
17707.0,185,2,152.4,76.2,152.4,151,0.013157894736842105
17708.0,188,2,263.33,131.665,263.33,137,0.014492753623188406
17709.0,170,1,137.45,137.45,137.45,0,1.0
17711.0,11,2,385.1,192.55,385.1,279,0.007142857142857143
17712.0,45,1,522.91,522.91,522.91,0,1.0
17714.0,321,1,153.0,153.0,153.0,0,1.0
17715.0,201,1,326.4,326.4,326.4,0,1.0
17716.0,23,11,5655.99,514.180909090909,5655.99,245,0.044715447154471545
17718.0,232,1,139.35,139.35,139.35,0,1.0
17719.0,38,15,5396.04,359.736,5396.04,217,0.06880733944954129
17720.0,26,4,1195.94,298.985,1195.94,341,0.011695906432748537
17722.0,96,4,2424.04,606.01,2424.04,270,0.014760147601476014
17723.0,127,6,3276.4000000000005,546.0666666666667,3276.4000000000005,87,0.06818181818181818
17724.0,71,3,1033.0,344.3333333333333,1033.0,67,0.04411764705882353
17725.0,16,11,3439.08,312.64363636363635,3439.08,250,0.043824701195219126
17727.0,15,1,1060.25,1060.25,1060.25,0,1.0
17728.0,4,3,2876.01,958.6700000000001,2876.01,82,0.03614457831325301
17730.0,3,13,5298.4800000000005,407.5753846153847,5298.4800000000005,323,0.040123456790123455
17731.0,79,4,1240.11,310.0275,1240.11,104,0.0380952380952381
17732.0,373,1,303.97,303.97,303.97,0,1.0
17733.0,39,2,692.19,346.095,692.19,222,0.008968609865470852
17734.0,54,3,700.63,233.54333333333332,700.63,180,0.016574585635359115
17735.0,2,19,13110.02,690.001052631579,13110.02,365,0.05191256830601093
17736.0,9,3,377.44,125.81333333333333,377.44,104,0.02857142857142857
17737.0,9,2,168.24,84.12,168.24,49,0.04
17738.0,19,4,1879.05,469.7625,1879.05,262,0.015209125475285171
17739.0,12,7,2791.35,398.7642857142857,2791.35,348,0.02005730659025788
17742.0,113,2,355.11,177.555,355.11,219,0.00909090909090909
17744.0,4,6,2322.4,387.06666666666666,2322.4,354,0.016901408450704224
17746.0,240,1,110.25,110.25,110.25,0,1.0
17747.0,113,1,71.4,71.4,71.4,0,1.0
17749.0,178,2,674.52,337.26,674.52,78,0.02531645569620253
17750.0,5,9,1710.45,190.05,1710.45,158,0.05660377358490566
17752.0,359,1,80.64,80.64,80.64,0,1.0
17754.0,1,5,1664.65,332.93,1664.65,259,0.019230769230769232
17757.0,1,30,5593.39,186.44633333333334,5593.39,370,0.08086253369272237
17758.0,19,8,3408.2000000000003,426.02500000000003,3408.2000000000003,230,0.03463203463203463
17759.0,17,3,819.96,273.32,819.96,152,0.0196078431372549
17760.0,22,2,287.59,143.795,287.59,351,0.005681818181818182
17761.0,33,1,712.78,712.78,712.78,0,1.0
17763.0,263,1,15.0,15.0,15.0,0,1.0
17764.0,51,2,772.55,386.275,772.55,160,0.012422360248447204
17765.0,159,3,367.63,122.54333333333334,367.63,98,0.030303030303030304
17767.0,15,1,271.2,271.2,271.2,0,1.0
17768.0,8,3,2081.9,693.9666666666667,2081.9,157,0.0189873417721519
17769.0,13,10,3957.43,395.743,3957.43,308,0.032362459546925564
17770.0,199,5,1143.27,228.654,1143.27,83,0.05952380952380952
17771.0,57,2,245.81,122.905,245.81,266,0.00749063670411985
17772.0,11,2,173.45,86.725,173.45,0,2.0
17774.0,97,4,1213.73,303.4325,1213.73,208,0.019138755980861243
17775.0,255,1,56.4,56.4,56.4,0,1.0
17777.0,25,3,647.56,215.85333333333332,647.56,75,0.039473684210526314
17779.0,21,3,650.32,216.77333333333334,650.32,122,0.024390243902439025
17781.0,159,2,188.02,94.01,188.02,93,0.02127659574468085
17783.0,72,2,283.47,141.735,283.47,175,0.011363636363636364
17785.0,53,1,131.94,131.94,131.94,0,1.0
17786.0,85,2,266.85,133.425,266.85,231,0.008620689655172414
17787.0,153,4,1817.54,454.385,1817.54,218,0.0182648401826484
17788.0,74,2,1117.9,558.95,1117.9,55,0.03571428571428571
17789.0,281,1,225.9,225.9,225.9,0,1.0
17790.0,27,14,1964.3,140.30714285714285,1964.3,338,0.04129793510324484
17791.0,30,1,106.1,106.1,106.1,0,1.0
17793.0,25,1,300.34,300.34,300.34,0,1.0
17795.0,180,2,342.83,171.415,342.83,85,0.023255813953488372
17796.0,40,4,690.0,172.5,690.0,329,0.012121212121212121
17797.0,22,3,780.43,260.1433333333333,780.43,160,0.018633540372670808
17799.0,22,10,3039.17,303.91700000000003,3039.17,339,0.029411764705882353
17800.0,37,9,1187.21,131.91222222222223,1187.21,296,0.030303030303030304
17802.0,82,3,1285.04,428.34666666666664,1285.04,290,0.010309278350515464
17805.0,74,1,512.31,512.31,512.31,0,1.0
17806.0,11,1,546.04,546.04,546.04,0,1.0
17809.0,16,12,5411.91,450.9925,5411.91,357,0.0335195530726257
17811.0,4,39,7761.82,199.02102564102563,7761.82,329,0.11818181818181818
17812.0,13,4,699.81,174.9525,699.81,355,0.011235955056179775
17813.0,14,5,1698.07,339.614,1698.07,57,0.08620689655172414
17816.0,37,4,36.56,9.14,36.56,328,0.0121580547112462
17817.0,4,3,387.68,129.22666666666666,387.68,272,0.01098901098901099
17819.0,72,7,3704.87,529.2671428571429,3704.87,299,0.023333333333333334
17824.0,51,1,298.4,298.4,298.4,0,1.0
17827.0,5,5,1987.33,397.466,1987.33,359,0.013888888888888888
17828.0,23,4,1820.09,455.0225,1820.09,162,0.024539877300613498
17829.0,299,1,889.24,889.24,889.24,0,1.0
17830.0,2,3,398.7,132.9,398.7,287,0.010416666666666666
17831.0,33,1,35.400000000000006,35.400000000000006,35.400000000000006,0,1.0
17832.0,50,1,155.37,155.37,155.37,0,1.0
17835.0,3,3,342.24,114.08,342.24,20,0.14285714285714285
17836.0,47,1,110.21000000000001,110.21000000000001,110.21000000000001,0,1.0
17837.0,42,8,1541.23,192.65375,1541.23,120,0.06611570247933884
17838.0,27,5,2720.8,544.1600000000001,2720.8,345,0.014450867052023121
17839.0,42,1,318.15,318.15,318.15,0,1.0
17841.0,2,124,40519.84,326.77290322580643,40519.84,371,0.3333333333333333
17843.0,303,1,205.48,205.48,205.48,0,1.0
17844.0,107,1,51.559999999999995,51.559999999999995,51.559999999999995,0,1.0
17846.0,85,1,2033.1,2033.1,2033.1,0,1.0
17848.0,81,9,901.1999999999999,100.13333333333333,901.1999999999999,276,0.032490974729241874
17849.0,218,4,605.8000000000001,151.45000000000002,605.8000000000001,115,0.034482758620689655
17850.0,372,34,5391.21,158.565,5391.21,1,17.0
17852.0,12,2,114.34,57.17,114.34,0,2.0
17854.0,185,2,311.26,155.63,311.26,41,0.047619047619047616
17855.0,373,1,208.97,208.97,208.97,0,1.0
17856.0,2,4,1418.03,354.5075,1418.03,279,0.014285714285714285
17857.0,4,23,26879.04,1168.6539130434783,26879.04,361,0.06353591160220995
17858.0,6,12,5140.66,428.3883333333333,5140.66,363,0.03296703296703297
17859.0,305,1,141.92000000000002,141.92000000000002,141.92000000000002,0,1.0
17860.0,369,1,226.45000000000002,226.45000000000002,226.45000000000002,0,1.0
17861.0,3,8,2097.88,262.235,2097.88,316,0.025236593059936908
17862.0,324,1,330.9,330.9,330.9,0,1.0
17863.0,59,6,3160.0,526.6666666666666,3160.0,310,0.01929260450160772
17864.0,13,3,554.85,184.95000000000002,554.85,262,0.011406844106463879
17865.0,31,20,10526.32,526.316,10526.32,333,0.059880239520958084
17866.0,143,1,329.65,329.65,329.65,0,1.0
17867.0,30,6,1157.8700000000001,192.97833333333335,1157.8700000000001,258,0.023166023166023165
17869.0,107,5,428.18,85.636,428.18,260,0.019157088122605363
17870.0,2,12,1865.89,155.49083333333334,1865.89,364,0.03287671232876712
17871.0,205,1,155.9,155.9,155.9,0,1.0
17873.0,80,5,1848.96,369.79200000000003,1848.96,293,0.017006802721088437
17874.0,185,6,683.46,113.91000000000001,683.46,70,0.08450704225352113
17877.0,170,1,237.61,237.61,237.61,0,1.0
17878.0,44,1,379.45,379.45,379.45,0,1.0
17879.0,174,1,178.51999999999998,178.51999999999998,178.51999999999998,0,1.0
17880.0,365,1,458.92,458.92,458.92,0,1.0
17881.0,304,1,133.35000000000002,133.35000000000002,133.35000000000002,0,1.0
17883.0,3,4,664.34,166.085,664.34,242,0.01646090534979424
17884.0,4,4,695.0699999999999,173.76749999999998,695.0699999999999,367,0.010869565217391304
17885.0,12,1,156.34,156.34,156.34,0,1.0
17886.0,32,3,869.28,289.76,869.28,217,0.013761467889908258
17887.0,129,1,111.35,111.35,111.35,0,1.0
17888.0,21,8,716.0,89.5,716.0,335,0.023809523809523808
17889.0,212,2,201.37,100.685,201.37,109,0.01818181818181818
17890.0,323,2,586.89,293.445,586.89,38,0.05128205128205128
17891.0,162,1,203.85999999999999,203.85999999999999,203.85999999999999,0,1.0
17892.0,56,3,244.1,81.36666666666666,244.1,99,0.03
17893.0,225,1,107.21,107.21,107.21,0,1.0
17894.0,72,8,1118.96,139.87,1118.96,294,0.02711864406779661
17895.0,44,1,95.45,95.45,95.45,0,1.0
17896.0,23,1,256.32,256.32,256.32,0,1.0
17897.0,173,3,541.8100000000001,180.60333333333335,541.8100000000001,200,0.014925373134328358
17898.0,85,2,152.06,76.03,152.06,121,0.01639344262295082
17899.0,159,1,154.55,154.55,154.55,0,1.0
17900.0,190,2,112.19999999999999,56.099999999999994,112.19999999999999,0,2.0
17901.0,29,1,110.38,110.38,110.38,0,1.0
17904.0,21,1,181.07,181.07,181.07,0,1.0
17905.0,71,4,798.99,199.7475,798.99,302,0.013201320132013201
17906.0,247,1,72.9,72.9,72.9,0,1.0
17908.0,374,1,232.03,232.03,232.03,0,1.0
17911.0,9,1,366.23,366.23,366.23,0,1.0
17912.0,310,5,310.06,62.012,310.06,54,0.09090909090909091
17913.0,59,2,408.65,204.325,408.65,296,0.006734006734006734
17914.0,4,1,329.36,329.36,329.36,0,1.0
17917.0,45,3,335.03,111.67666666666666,335.03,317,0.009433962264150943
17919.0,88,1,1304.04,1304.04,1304.04,0,1.0
17920.0,4,17,4119.5,242.3235294117647,4119.5,369,0.04594594594594595
17921.0,64,4,820.23,205.0575,820.23,202,0.019704433497536946
17923.0,282,1,207.50000000000003,207.50000000000003,207.50000000000003,0,1.0
17924.0,12,7,2962.5,423.2142857142857,2962.5,361,0.019337016574585635
17925.0,373,1,244.08,244.08,244.08,0,1.0
17926.0,133,2,397.29,198.645,397.29,70,0.028169014084507043
17928.0,45,2,212.54,106.27,212.54,200,0.009950248756218905
17929.0,11,4,843.0,210.75,843.0,297,0.013422818791946308
17930.0,36,5,1740.48,348.096,1740.48,203,0.024509803921568627
17931.0,134,2,408.36,204.18,408.36,121,0.01639344262295082
17932.0,29,3,1331.57,443.8566666666666,1331.57,182,0.01639344262295082
17934.0,52,2,704.25,352.125,704.25,7,0.25
17935.0,138,2,145.79,72.895,145.79,3,0.5
17936.0,5,1,380.13,380.13,380.13,0,1.0
17937.0,9,7,4301.22,614.46,4301.22,353,0.01977401129943503
17939.0,160,1,99.14,99.14,99.14,0,1.0
17940.0,49,10,4020.04,402.004,4020.04,253,0.03937007874015748
17941.0,131,1,304.56,304.56,304.56,0,1.0
17942.0,8,1,77.50000000000001,77.50000000000001,77.50000000000001,0,1.0
17946.0,233,2,149.57999999999998,74.78999999999999,149.57999999999998,26,0.07407407407407407
17947.0,37,1,176.68,176.68,176.68,0,1.0
17948.0,147,1,358.56000000000006,358.56000000000006,358.56000000000006,0,1.0
17949.0,1,45,58510.48,1300.232888888889,58510.48,370,0.12129380053908356
17950.0,72,3,482.2,160.73333333333332,482.2,293,0.01020408163265306
17951.0,40,3,1008.5400000000001,336.18,1008.5400000000001,333,0.008982035928143712
17954.0,5,12,2314.13,192.84416666666667,2314.13,365,0.03278688524590164
17955.0,199,4,557.3,139.325,557.3,20,0.19047619047619047
17956.0,249,1,12.75,12.75,12.75,0,1.0
17957.0,66,1,111.68,111.68,111.68,0,1.0
17958.0,117,1,508.4599999999999,508.4599999999999,508.4599999999999,0,1.0
17960.0,171,1,73.78,73.78,73.78,0,1.0
17961.0,21,39,1296.44,33.242051282051285,1296.44,350,0.1111111111111111
17962.0,142,1,102.41,102.41,102.41,0,1.0
17964.0,32,2,463.21,231.605,463.21,340,0.005865102639296188
17965.0,38,14,2599.19,185.65642857142856,2599.19,331,0.04216867469879518
17966.0,38,5,1098.43,219.686,1098.43,223,0.022321428571428572
17967.0,372,1,112.27,112.27,112.27,0,1.0
17968.0,374,1,265.1,265.1,265.1,0,1.0
17969.0,166,2,228.2,114.1,228.2,194,0.010256410256410256
17970.0,211,1,562.79,562.79,562.79,0,1.0
17972.0,242,1,135.19,135.19,135.19,0,1.0
17973.0,52,1,337.04,337.04,337.04,0,1.0
17974.0,25,3,703.99,234.66333333333333,703.99,194,0.015384615384615385
17975.0,15,13,4483.26,344.86615384615385,4483.26,351,0.036931818181818184
17976.0,372,1,321.79,321.79,321.79,0,1.0
17977.0,29,1,288.14,288.14,288.14,0,1.0
17978.0,365,1,300.91999999999996,300.91999999999996,300.91999999999996,0,1.0
17979.0,36,4,732.41,183.1025,732.41,224,0.017777777777777778
17980.0,166,3,811.45,270.48333333333335,811.45,193,0.015463917525773196
17984.0,145,1,152.68,152.68,152.68,0,1.0
17985.0,22,1,631.35,631.35,631.35,0,1.0
17986.0,56,1,20.8,20.8,20.8,0,1.0
17987.0,185,1,198.57,198.57,198.57,0,1.0
17988.0,12,7,201.12,28.731428571428573,201.12,314,0.022222222222222223
17990.0,237,3,630.84,210.28,630.84,124,0.024
17991.0,225,2,93.35,46.675,93.35,0,2.0
17994.0,122,4,674.89,168.7225,674.89,169,0.023529411764705882
17995.0,282,1,76.1,76.1,76.1,0,1.0
17997.0,74,8,1962.46,245.3075,1962.46,89,0.08888888888888889
17999.0,37,2,380.39,190.195,380.39,329,0.006060606060606061
18001.0,12,2,415.13,207.565,415.13,74,0.02666666666666667
18004.0,362,1,157.92,157.92,157.92,0,1.0
18005.0,4,2,226.47,113.235,226.47,43,0.045454545454545456
18006.0,23,1,444.68,444.68,444.68,0,1.0
18008.0,70,9,2116.19,235.13222222222223,2116.19,248,0.03614457831325301
18009.0,235,1,247.39,247.39,247.39,0,1.0
18010.0,257,1,174.8,174.8,174.8,0,1.0
18011.0,373,1,102.78999999999999,102.78999999999999,102.78999999999999,0,1.0
18013.0,155,2,187.29,93.645,187.29,0,2.0
18014.0,28,1,162.22,162.22,162.22,0,1.0
18015.0,4,1,120.03,120.03,120.03,0,1.0
18016.0,32,5,1477.66,295.53200000000004,1477.66,331,0.015060240963855422
18017.0,81,3,523.0,174.33333333333334,523.0,229,0.013043478260869565
18018.0,108,2,122.14,61.07,122.14,91,0.021739130434782608
18019.0,52,1,38.45,38.45,38.45,0,1.0
18022.0,36,1,612.72,612.72,612.72,0,1.0
18024.0,153,2,389.78,194.89,389.78,0,2.0
18027.0,99,1,115.31,115.31,115.31,0,1.0
18030.0,4,2,230.64999999999998,115.32499999999999,230.64999999999998,38,0.05128205128205128
18032.0,334,1,73.5,73.5,73.5,0,1.0
18033.0,65,1,93.82000000000001,93.82000000000001,93.82000000000001,0,1.0
18034.0,22,2,418.68,209.34,418.68,0,2.0
18035.0,36,3,713.89,237.96333333333334,713.89,7,0.375
18036.0,32,3,403.12,134.37333333333333,403.12,213,0.014018691588785047
18037.0,154,6,70.02,11.67,70.02,207,0.028846153846153848
18040.0,19,2,357.20000000000005,178.60000000000002,357.20000000000005,226,0.00881057268722467
18041.0,12,21,4097.37,195.11285714285714,4097.37,361,0.058011049723756904
18042.0,54,1,165.04999999999998,165.04999999999998,165.04999999999998,0,1.0
18043.0,25,3,529.29,176.42999999999998,529.29,342,0.008746355685131196
18044.0,4,10,2088.6,208.85999999999999,2088.6,356,0.028011204481792718
18045.0,45,1,178.34,178.34,178.34,0,1.0
18048.0,203,2,172.29000000000002,86.14500000000001,172.29000000000002,0,2.0
18050.0,359,1,74.4,74.4,74.4,0,1.0
18053.0,71,1,300.02,300.02,300.02,0,1.0
18055.0,7,10,6761.34,676.134,6761.34,362,0.027548209366391185
18056.0,288,1,363.65,363.65,363.65,0,1.0
18058.0,10,1,170.16,170.16,170.16,0,1.0
18059.0,23,3,306.46,102.15333333333332,306.46,44,0.06666666666666667
18061.0,22,10,2119.41,211.94099999999997,2119.41,344,0.028985507246376812
18062.0,173,3,720.52,240.17333333333332,720.52,164,0.01818181818181818
18064.0,133,2,814.0,407.0,814.0,102,0.019417475728155338
18065.0,6,14,2392.83,170.91642857142855,2392.83,358,0.03899721448467967
18066.0,75,1,318.0,318.0,318.0,0,1.0
18067.0,40,1,396.33,396.33,396.33,0,1.0
18068.0,289,1,101.69999999999999,101.69999999999999,101.69999999999999,0,1.0
18069.0,26,5,2009.24,401.848,2009.24,301,0.016556291390728478
18071.0,258,2,453.0,226.5,453.0,108,0.01834862385321101
18072.0,186,1,247.44,247.44,247.44,0,1.0
18073.0,114,12,3859.82,321.6516666666667,3859.82,82,0.14457831325301204
18074.0,374,1,489.6,489.6,489.6,0,1.0
18075.0,23,10,2611.75,261.175,2611.75,337,0.029585798816568046
18077.0,8,11,2584.41,234.94636363636363,2584.41,358,0.03064066852367688
18078.0,217,2,336.13,168.065,336.13,41,0.047619047619047616
18079.0,45,4,3613.15,903.2875,3613.15,193,0.020618556701030927
18080.0,19,2,1231.5,615.75,1231.5,223,0.008928571428571428
18081.0,36,3,343.45,114.48333333333333,343.45,97,0.030612244897959183
18082.0,26,1,680.84,680.84,680.84,0,1.0
18084.0,16,1,90.47999999999999,90.47999999999999,90.47999999999999,0,1.0
18085.0,330,2,689.95,344.975,689.95,43,0.045454545454545456
18086.0,274,1,101.34,101.34,101.34,0,1.0
18087.0,98,2,4055.7199999999993,2027.8599999999997,4055.7199999999993,192,0.010362694300518135
18088.0,61,1,166.03,166.03,166.03,0,1.0
18092.0,2,11,9068.26,824.3872727272727,9068.26,363,0.03021978021978022
18093.0,93,4,2106.52,526.63,2106.52,209,0.01904761904761905
18094.0,82,7,3017.3,431.04285714285714,3017.3,210,0.03317535545023697
18095.0,313,2,580.0500000000001,290.02500000000003,580.0500000000001,20,0.09523809523809523
18096.0,12,3,849.06,283.02,849.06,52,0.05660377358490566
18097.0,8,6,2662.4,443.73333333333335,2662.4,346,0.01729106628242075
18099.0,127,1,168.31,168.31,168.31,0,1.0
18101.0,11,2,222.4,111.2,222.4,132,0.015037593984962405
18102.0,1,60,259657.3,4327.621666666667,259657.3,366,0.16348773841961853
18104.0,37,1,754.64,754.64,754.64,0,1.0
18105.0,38,1,113.48000000000002,113.48000000000002,113.48000000000002,0,1.0
18106.0,330,1,421.9,421.9,421.9,0,1.0
18108.0,254,1,271.0,271.0,271.0,0,1.0
18109.0,2,26,8004.92,307.88153846153847,8004.92,368,0.07046070460704607
18110.0,20,1,198.8,198.8,198.8,0,1.0
18112.0,12,2,352.69,176.345,352.69,154,0.012903225806451613
18113.0,369,1,76.32000000000001,76.32000000000001,76.32000000000001,0,1.0
18114.0,290,1,220.1,220.1,220.1,0,1.0
18116.0,68,8,1403.1100000000001,175.38875000000002,1403.1100000000001,296,0.026936026936026935
18117.0,26,1,315.65,315.65,315.65,0,1.0
18118.0,11,26,5625.08,216.34923076923076,5625.08,358,0.07242339832869081
18119.0,368,1,180.7,180.7,180.7,0,1.0
18120.0,214,1,111.15,111.15,111.15,0,1.0
18121.0,149,2,653.3,326.65,653.3,5,0.3333333333333333
18122.0,8,6,1793.06,298.8433333333333,1793.06,142,0.04195804195804196
18123.0,24,2,574.4399999999999,287.21999999999997,574.4399999999999,7,0.25
18125.0,30,4,1131.75,282.9375,1131.75,286,0.013937282229965157
18126.0,61,1,200.92000000000002,200.92000000000002,200.92000000000002,0,1.0
18127.0,19,3,347.08,115.69333333333333,347.08,114,0.02608695652173913
18129.0,243,1,112.55000000000001,112.55000000000001,112.55000000000001,0,1.0
18130.0,15,3,1059.39,353.13000000000005,1059.39,41,0.07142857142857142
18133.0,212,1,931.4999999999999,931.4999999999999,931.4999999999999,0,1.0
18135.0,29,5,681.9100000000001,136.382,681.9100000000001,161,0.030864197530864196
18136.0,63,3,784.33,261.4433333333333,784.33,256,0.011673151750972763
18138.0,295,1,152.65,152.65,152.65,0,1.0
18139.0,18,6,8438.34,1406.39,8438.34,0,6.0
18142.0,157,2,1019.52,509.76,1019.52,58,0.03389830508474576
18143.0,117,2,1000.16,500.08,1000.16,25,0.07692307692307693
18144.0,8,12,2888.75,240.72916666666666,2888.75,365,0.03278688524590164
18145.0,13,4,2861.55,715.3875,2861.55,299,0.013333333333333334
18146.0,141,2,160.35000000000002,80.17500000000001,160.35000000000002,79,0.025
18147.0,46,2,179.33999999999997,89.66999999999999,179.33999999999997,62,0.031746031746031744
18149.0,51,3,612.0799999999999,204.02666666666664,612.0799999999999,222,0.013452914798206279
18150.0,32,3,566.58,188.86,566.58,169,0.01764705882352941
18151.0,135,2,653.35,326.675,653.35,155,0.01282051282051282
18154.0,3,2,399.19,199.595,399.19,40,0.04878048780487805
18155.0,75,3,371.62,123.87333333333333,371.62,216,0.013824884792626729
18156.0,13,2,675.64,337.82,675.64,356,0.0056022408963585435
18158.0,9,2,453.4,226.7,453.4,79,0.025
18159.0,301,1,530.15,530.15,530.15,0,1.0
18160.0,57,2,638.0600000000001,319.03000000000003,638.0600000000001,143,0.013888888888888888
18161.0,15,5,1618.69,323.738,1618.69,304,0.01639344262295082
18164.0,37,1,399.65000000000003,399.65000000000003,399.65000000000003,0,1.0
18165.0,177,1,302.46000000000004,302.46000000000004,302.46000000000004,0,1.0
18167.0,23,3,1384.8600000000001,461.62000000000006,1384.8600000000001,82,0.03614457831325301
18168.0,176,6,1160.04,193.34,1160.04,196,0.030456852791878174
18169.0,61,1,202.65,202.65,202.65,0,1.0
18170.0,33,3,980.31,326.77,980.31,183,0.016304347826086956
18171.0,59,5,1231.31,246.262,1231.31,274,0.01818181818181818
18172.0,15,20,7561.68,378.084,7561.68,275,0.07246376811594203
18173.0,87,4,2106.84,526.71,2106.84,187,0.02127659574468085
18174.0,7,1,104.0,104.0,104.0,0,1.0
18176.0,358,1,476.35,476.35,476.35,0,1.0
18177.0,31,6,1340.8700000000001,223.47833333333335,1340.8700000000001,224,0.02666666666666667
18178.0,129,4,1590.81,397.7025,1590.81,235,0.01694915254237288
18179.0,9,6,1793.17,298.8616666666667,1793.17,327,0.018292682926829267
18180.0,5,6,1843.75,307.2916666666667,1843.75,137,0.043478260869565216
18181.0,24,1,366.85,366.85,366.85,0,1.0
18183.0,227,2,632.07,316.035,632.07,47,0.041666666666666664
18184.0,15,1,49.8,49.8,49.8,0,1.0
18185.0,249,1,304.25,304.25,304.25,0,1.0
18188.0,15,3,2001.04,667.0133333333333,2001.04,275,0.010869565217391304
18189.0,78,2,1090.24,545.12,1090.24,190,0.010471204188481676
18190.0,192,2,284.46000000000004,142.23000000000002,284.46000000000004,138,0.014388489208633094
18191.0,262,1,207.79999999999998,207.79999999999998,207.79999999999998,0,1.0
18192.0,72,1,957.97,957.97,957.97,0,1.0
18193.0,165,1,243.76,243.76,243.76,0,1.0
18194.0,82,1,973.8399999999999,973.8399999999999,973.8399999999999,0,1.0
18196.0,95,2,686.63,343.315,686.63,195,0.01020408163265306
18198.0,4,17,5425.56,319.15058823529415,5425.56,332,0.05105105105105105
18200.0,106,1,150.35,150.35,150.35,0,1.0
18202.0,200,3,1396.99,465.66333333333336,1396.99,111,0.026785714285714284
18203.0,157,1,160.42000000000002,160.42000000000002,160.42000000000002,0,1.0
18204.0,71,3,1975.35,658.4499999999999,1975.35,121,0.02459016393442623
18205.0,36,2,517.36,258.68,517.36,38,0.05128205128205128
18209.0,29,1,139.10000000000002,139.10000000000002,139.10000000000002,0,1.0
18210.0,2,6,2621.38,436.8966666666667,2621.38,265,0.022556390977443608
18211.0,26,5,600.07,120.01400000000001,600.07,252,0.019762845849802372
18212.0,326,1,216.07,216.07,216.07,0,1.0
18213.0,237,1,232.48000000000002,232.48000000000002,232.48000000000002,0,1.0
18215.0,89,1,299.34000000000003,299.34000000000003,299.34000000000003,0,1.0
18216.0,31,1,481.75,481.75,481.75,0,1.0
18217.0,29,2,621.75,310.875,621.75,41,0.047619047619047616
18218.0,211,2,641.92,320.96,641.92,70,0.028169014084507043
18219.0,3,10,2069.77,206.977,2069.77,366,0.027247956403269755
18220.0,227,1,305.28000000000003,305.28000000000003,305.28000000000003,0,1.0
18221.0,22,5,1041.61,208.32199999999997,1041.61,189,0.02631578947368421
18222.0,93,1,443.0,443.0,443.0,0,1.0
18223.0,5,14,6484.54,463.18142857142857,6484.54,353,0.03954802259887006
18224.0,264,1,158.95000000000002,158.95000000000002,158.95000000000002,0,1.0
18225.0,3,12,5504.96,458.74666666666667,5504.96,361,0.03314917127071823
18226.0,44,11,5228.05,475.27727272727276,5228.05,293,0.03741496598639456
18227.0,218,1,93.75,93.75,93.75,0,1.0
18228.0,57,2,779.9,389.95,779.9,22,0.08695652173913043
18229.0,12,20,7276.900000000001,363.845,7276.900000000001,361,0.055248618784530384
18230.0,9,7,2810.2000000000003,401.4571428571429,2810.2000000000003,293,0.023809523809523808
18231.0,192,5,2071.77,414.354,2071.77,96,0.05154639175257732
18232.0,82,4,592.97,148.2425,592.97,115,0.034482758620689655
18233.0,326,1,440.0,440.0,440.0,0,1.0
18235.0,72,3,1796.48,598.8266666666667,1796.48,145,0.02054794520547945
18236.0,30,6,882.24,147.04,882.24,210,0.02843601895734597
18237.0,3,5,987.1,197.42000000000002,987.1,131,0.03787878787878788
18239.0,219,5,1561.6100000000001,312.322,1561.6100000000001,153,0.032467532467532464
18240.0,46,1,422.58,422.58,422.58,0,1.0
18241.0,10,17,2073.09,121.9464705882353,2073.09,208,0.08133971291866028
18242.0,72,4,2232.4900000000002,558.1225000000001,2232.4900000000002,141,0.028169014084507043
18245.0,7,7,2567.06,366.72285714285715,2567.06,347,0.020114942528735632
18246.0,24,2,596.1,298.05,596.1,209,0.009523809523809525
18248.0,123,2,804.02,402.01,804.02,63,0.03125
18249.0,17,1,95.34,95.34,95.34,0,1.0
18250.0,310,1,349.27,349.27,349.27,0,1.0
18251.0,87,1,4314.72,4314.72,4314.72,0,1.0
18252.0,51,2,518.27,259.135,518.27,121,0.01639344262295082
18255.0,89,1,103.3,103.3,103.3,0,1.0
18257.0,39,8,2337.63,292.20375,2337.63,256,0.0311284046692607
18259.0,25,3,2338.6000000000004,779.5333333333334,2338.6000000000004,341,0.008771929824561403
18260.0,173,6,2628.35,438.05833333333334,2628.35,185,0.03225806451612903
18261.0,43,2,324.24,162.12,324.24,52,0.03773584905660377
18262.0,140,1,149.48,149.48,149.48,0,1.0
18263.0,26,3,1213.1599999999999,404.3866666666666,1213.1599999999999,226,0.013215859030837005
18265.0,72,2,801.51,400.755,801.51,85,0.023255813953488372
18268.0,134,1,25.5,25.5,25.5,0,1.0
18269.0,366,1,168.6,168.6,168.6,0,1.0
18270.0,38,2,283.15,141.575,283.15,228,0.008733624454148471
18272.0,3,6,3078.58,513.0966666666667,3078.58,244,0.024489795918367346
18273.0,2,3,204.0,68.0,204.0,255,0.01171875
18274.0,30,1,175.92,175.92,175.92,0,1.0
18276.0,44,1,335.86,335.86,335.86,0,1.0
18277.0,58,1,110.38,110.38,110.38,0,1.0
18278.0,74,1,173.9,173.9,173.9,0,1.0
18280.0,278,1,180.60000000000002,180.60000000000002,180.60000000000002,0,1.0
18281.0,181,1,80.82,80.82,80.82,0,1.0
18282.0,8,2,178.05,89.025,178.05,118,0.01680672268907563
18283.0,4,16,2045.53,127.845625,2045.53,333,0.04790419161676647
18287.0,43,3,1837.28,612.4266666666666,1837.28,158,0.018867924528301886
